-- V2: DATOS MAESTROS (Edificios + Pabellones + Habitaciones)
-- Las camas se generan con supabase_v2_generar_camas.sql

TRUNCATE v2_edificios CASCADE;

INSERT INTO v2_edificios (id, nombre) VALUES
('f2003333-f18b-451c-8233-e6fa6ade7c50','COPC'),
('5d210c33-edc8-4912-80bc-73ba382297b4','R-220');

INSERT INTO v2_pabellones (id, edificio_id, nombre) VALUES
('27e5cd43-85ac-4952-bb5b-40e1e4ae734e','f2003333-f18b-451c-8233-e6fa6ade7c50','P-1'),
('35c56d60-737b-4c00-8666-03fdf7e7b771','f2003333-f18b-451c-8233-e6fa6ade7c50','P-2'),
('bd12cdcc-eb40-4df7-a1b0-9796a5b8cc8c','f2003333-f18b-451c-8233-e6fa6ade7c50','P-3'),
('4f607f0b-8fc3-452f-be53-600a87cd6060','f2003333-f18b-451c-8233-e6fa6ade7c50','P-4'),
('27161c1c-71f6-4699-ab08-04009ed3e5a0','f2003333-f18b-451c-8233-e6fa6ade7c50','P-5'),
('a3617e13-4f5d-4dd4-89df-d047358f68d5','f2003333-f18b-451c-8233-e6fa6ade7c50','P-6'),
('e77ad068-8254-4e13-b5be-2cda97ea9e28','f2003333-f18b-451c-8233-e6fa6ade7c50','P-7'),
('3d46da6a-ab8a-4177-8686-dab1fca41b56','f2003333-f18b-451c-8233-e6fa6ade7c50','P-8'),
('0bec1924-69ac-4da4-b95d-ee4ce40df5df','5d210c33-edc8-4912-80bc-73ba382297b4','R-220');

INSERT INTO v2_habitaciones (id_custom,pabellon_id,nivel,numero_hab,cantidad_camas) VALUES
('COPC000001','27e5cd43-85ac-4952-bb5b-40e1e4ae734e','3°niv','1301',1),
('COPC000002','27e5cd43-85ac-4952-bb5b-40e1e4ae734e','3°niv','1302',1),
('COPC000003','27e5cd43-85ac-4952-bb5b-40e1e4ae734e','3°niv','1303',1),
('COPC000004','27e5cd43-85ac-4952-bb5b-40e1e4ae734e','3°niv','1304',1),
('COPC000005','27e5cd43-85ac-4952-bb5b-40e1e4ae734e','3°niv','1305',2),
('COPC000006','27e5cd43-85ac-4952-bb5b-40e1e4ae734e','3°niv','1306',2),
('COPC000007','27e5cd43-85ac-4952-bb5b-40e1e4ae734e','3°niv','1307',2),
('COPC000008','27e5cd43-85ac-4952-bb5b-40e1e4ae734e','3°niv','1308',2),
('COPC000009','27e5cd43-85ac-4952-bb5b-40e1e4ae734e','3°niv','1309',2),
('COPC000010','27e5cd43-85ac-4952-bb5b-40e1e4ae734e','3°niv','1310',2),
('COPC000011','27e5cd43-85ac-4952-bb5b-40e1e4ae734e','4°niv','1401',2),
('COPC000012','27e5cd43-85ac-4952-bb5b-40e1e4ae734e','4°niv','1402',2),
('COPC000013','27e5cd43-85ac-4952-bb5b-40e1e4ae734e','4°niv','1403',2),
('COPC000014','27e5cd43-85ac-4952-bb5b-40e1e4ae734e','4°niv','1404',2),
('COPC000015','27e5cd43-85ac-4952-bb5b-40e1e4ae734e','4°niv','1405',2),
('COPC000016','27e5cd43-85ac-4952-bb5b-40e1e4ae734e','4°niv','1406',2),
('COPC000017','27e5cd43-85ac-4952-bb5b-40e1e4ae734e','4°niv','1407',2),
('COPC000018','27e5cd43-85ac-4952-bb5b-40e1e4ae734e','4°niv','1408',2),
('COPC000019','27e5cd43-85ac-4952-bb5b-40e1e4ae734e','4°niv','1409',2),
('COPC000020','27e5cd43-85ac-4952-bb5b-40e1e4ae734e','4°niv','1410',2),
('COPC000021','27e5cd43-85ac-4952-bb5b-40e1e4ae734e','4°niv','1411',2),
('COPC000022','27e5cd43-85ac-4952-bb5b-40e1e4ae734e','4°niv','1412',2),
('COPC000023','27e5cd43-85ac-4952-bb5b-40e1e4ae734e','4°niv','1413',2),
('COPC000024','27e5cd43-85ac-4952-bb5b-40e1e4ae734e','4°niv','1414',2),
('COPC000025','27e5cd43-85ac-4952-bb5b-40e1e4ae734e','5°niv','1501',2),
('COPC000026','27e5cd43-85ac-4952-bb5b-40e1e4ae734e','5°niv','1502',2),
('COPC000027','27e5cd43-85ac-4952-bb5b-40e1e4ae734e','5°niv','1503',2),
('COPC000028','27e5cd43-85ac-4952-bb5b-40e1e4ae734e','5°niv','1504',2),
('COPC000029','27e5cd43-85ac-4952-bb5b-40e1e4ae734e','5°niv','1505',2),
('COPC000030','27e5cd43-85ac-4952-bb5b-40e1e4ae734e','5°niv','1506',2),
('COPC000031','27e5cd43-85ac-4952-bb5b-40e1e4ae734e','5°niv','1507',2),
('COPC000032','27e5cd43-85ac-4952-bb5b-40e1e4ae734e','5°niv','1508',2),
('COPC000033','27e5cd43-85ac-4952-bb5b-40e1e4ae734e','5°niv','1509',2),
('COPC000034','27e5cd43-85ac-4952-bb5b-40e1e4ae734e','5°niv','1510',2),
('COPC000035','27e5cd43-85ac-4952-bb5b-40e1e4ae734e','5°niv','1511',2),
('COPC000036','27e5cd43-85ac-4952-bb5b-40e1e4ae734e','5°niv','1512',2),
('COPC000037','27e5cd43-85ac-4952-bb5b-40e1e4ae734e','5°niv','1513',2),
('COPC000038','27e5cd43-85ac-4952-bb5b-40e1e4ae734e','5°niv','1514',2),
('COPC000039','27e5cd43-85ac-4952-bb5b-40e1e4ae734e','6°niv','1601',2),
('COPC000040','27e5cd43-85ac-4952-bb5b-40e1e4ae734e','6°niv','1602',2),
('COPC000041','27e5cd43-85ac-4952-bb5b-40e1e4ae734e','6°niv','1603',2),
('COPC000042','27e5cd43-85ac-4952-bb5b-40e1e4ae734e','6°niv','1604',2),
('COPC000043','27e5cd43-85ac-4952-bb5b-40e1e4ae734e','6°niv','1605',2),
('COPC000044','27e5cd43-85ac-4952-bb5b-40e1e4ae734e','6°niv','1606',2),
('COPC000045','27e5cd43-85ac-4952-bb5b-40e1e4ae734e','6°niv','1607',2),
('COPC000046','27e5cd43-85ac-4952-bb5b-40e1e4ae734e','6°niv','1608',2),
('COPC000047','27e5cd43-85ac-4952-bb5b-40e1e4ae734e','6°niv','1609',2),
('COPC000048','27e5cd43-85ac-4952-bb5b-40e1e4ae734e','6°niv','1610',2),
('COPC000049','27e5cd43-85ac-4952-bb5b-40e1e4ae734e','6°niv','1611',2),
('COPC000050','27e5cd43-85ac-4952-bb5b-40e1e4ae734e','6°niv','1612',2),
('COPC000051','27e5cd43-85ac-4952-bb5b-40e1e4ae734e','6°niv','1613',2),
('COPC000052','27e5cd43-85ac-4952-bb5b-40e1e4ae734e','6°niv','1614',2),
('COPC000053','35c56d60-737b-4c00-8666-03fdf7e7b771','1°niv','2101',2),
('COPC000054','35c56d60-737b-4c00-8666-03fdf7e7b771','1°niv','2102',2),
('COPC000055','35c56d60-737b-4c00-8666-03fdf7e7b771','1°niv','2103',2),
('COPC000056','35c56d60-737b-4c00-8666-03fdf7e7b771','1°niv','2104',2),
('COPC000057','35c56d60-737b-4c00-8666-03fdf7e7b771','1°niv','2105',2),
('COPC000058','35c56d60-737b-4c00-8666-03fdf7e7b771','1°niv','2106',2),
('COPC000059','35c56d60-737b-4c00-8666-03fdf7e7b771','1°niv','2107',2),
('COPC000060','35c56d60-737b-4c00-8666-03fdf7e7b771','1°niv','2108',2),
('COPC000061','35c56d60-737b-4c00-8666-03fdf7e7b771','1°niv','2109',2),
('COPC000062','35c56d60-737b-4c00-8666-03fdf7e7b771','1°niv','2110',2),
('COPC000063','35c56d60-737b-4c00-8666-03fdf7e7b771','1°niv','2111',2),
('COPC000064','35c56d60-737b-4c00-8666-03fdf7e7b771','1°niv','2112',2),
('COPC000065','35c56d60-737b-4c00-8666-03fdf7e7b771','1°niv','2113',2),
('COPC000066','35c56d60-737b-4c00-8666-03fdf7e7b771','1°niv','2114',1),
('COPC000067','35c56d60-737b-4c00-8666-03fdf7e7b771','1°niv','2115',1),
('COPC000068','35c56d60-737b-4c00-8666-03fdf7e7b771','1°niv','2116',1),
('COPC000069','35c56d60-737b-4c00-8666-03fdf7e7b771','1°niv','2117',1),
('COPC000070','35c56d60-737b-4c00-8666-03fdf7e7b771','1°niv','2118',1),
('COPC000071','35c56d60-737b-4c00-8666-03fdf7e7b771','1°niv','2119',1),
('COPC000072','35c56d60-737b-4c00-8666-03fdf7e7b771','2°niv','2201',2),
('COPC000073','35c56d60-737b-4c00-8666-03fdf7e7b771','2°niv','2202',2),
('COPC000074','35c56d60-737b-4c00-8666-03fdf7e7b771','2°niv','2203',2),
('COPC000075','35c56d60-737b-4c00-8666-03fdf7e7b771','2°niv','2204',2),
('COPC000076','35c56d60-737b-4c00-8666-03fdf7e7b771','2°niv','2205',2),
('COPC000077','35c56d60-737b-4c00-8666-03fdf7e7b771','2°niv','2206',2),
('COPC000078','35c56d60-737b-4c00-8666-03fdf7e7b771','2°niv','2207',2),
('COPC000079','35c56d60-737b-4c00-8666-03fdf7e7b771','2°niv','2208',2),
('COPC000080','35c56d60-737b-4c00-8666-03fdf7e7b771','2°niv','2209',2),
('COPC000081','35c56d60-737b-4c00-8666-03fdf7e7b771','2°niv','2210',2),
('COPC000082','35c56d60-737b-4c00-8666-03fdf7e7b771','2°niv','2211',2),
('COPC000083','35c56d60-737b-4c00-8666-03fdf7e7b771','2°niv','2212',2),
('COPC000084','35c56d60-737b-4c00-8666-03fdf7e7b771','2°niv','2213',2),
('COPC000085','35c56d60-737b-4c00-8666-03fdf7e7b771','2°niv','2214',2),
('COPC000086','35c56d60-737b-4c00-8666-03fdf7e7b771','2°niv','2215',2),
('COPC000087','35c56d60-737b-4c00-8666-03fdf7e7b771','2°niv','2216',2),
('COPC000088','35c56d60-737b-4c00-8666-03fdf7e7b771','2°niv','2217',2),
('COPC000089','35c56d60-737b-4c00-8666-03fdf7e7b771','2°niv','2218',2),
('COPC000090','35c56d60-737b-4c00-8666-03fdf7e7b771','2°niv','2219',2),
('COPC000091','35c56d60-737b-4c00-8666-03fdf7e7b771','2°niv','2220',2),
('COPC000092','35c56d60-737b-4c00-8666-03fdf7e7b771','2°niv','2221',2),
('COPC000093','35c56d60-737b-4c00-8666-03fdf7e7b771','2°niv','2222',2),
('COPC000094','35c56d60-737b-4c00-8666-03fdf7e7b771','2°niv','2223',2),
('COPC000095','35c56d60-737b-4c00-8666-03fdf7e7b771','2°niv','2224',2),
('COPC000096','35c56d60-737b-4c00-8666-03fdf7e7b771','2°niv','2225',2),
('COPC000097','35c56d60-737b-4c00-8666-03fdf7e7b771','2°niv','2226',2),
('COPC000098','35c56d60-737b-4c00-8666-03fdf7e7b771','2°niv','2227',2),
('COPC000099','35c56d60-737b-4c00-8666-03fdf7e7b771','2°niv','2228',2),
('COPC000100','35c56d60-737b-4c00-8666-03fdf7e7b771','2°niv','2229',2),
('COPC000101','35c56d60-737b-4c00-8666-03fdf7e7b771','3°niv','2301',2),
('COPC000102','35c56d60-737b-4c00-8666-03fdf7e7b771','3°niv','2302',2),
('COPC000103','35c56d60-737b-4c00-8666-03fdf7e7b771','3°niv','2303',2),
('COPC000104','35c56d60-737b-4c00-8666-03fdf7e7b771','3°niv','2304',2),
('COPC000105','35c56d60-737b-4c00-8666-03fdf7e7b771','3°niv','2305',2),
('COPC000106','35c56d60-737b-4c00-8666-03fdf7e7b771','3°niv','2306',2),
('COPC000107','35c56d60-737b-4c00-8666-03fdf7e7b771','3°niv','2307',2),
('COPC000108','35c56d60-737b-4c00-8666-03fdf7e7b771','3°niv','2308',2),
('COPC000109','35c56d60-737b-4c00-8666-03fdf7e7b771','3°niv','2309',2),
('COPC000110','35c56d60-737b-4c00-8666-03fdf7e7b771','3°niv','2310',2),
('COPC000111','35c56d60-737b-4c00-8666-03fdf7e7b771','3°niv','2311',2),
('COPC000112','35c56d60-737b-4c00-8666-03fdf7e7b771','3°niv','2312',2),
('COPC000113','35c56d60-737b-4c00-8666-03fdf7e7b771','3°niv','2313',2),
('COPC000114','35c56d60-737b-4c00-8666-03fdf7e7b771','3°niv','2314',2),
('COPC000115','35c56d60-737b-4c00-8666-03fdf7e7b771','3°niv','2315',2),
('COPC000116','35c56d60-737b-4c00-8666-03fdf7e7b771','3°niv','2316',2),
('COPC000117','35c56d60-737b-4c00-8666-03fdf7e7b771','3°niv','2317',2),
('COPC000118','35c56d60-737b-4c00-8666-03fdf7e7b771','3°niv','2318',2),
('COPC000119','35c56d60-737b-4c00-8666-03fdf7e7b771','3°niv','2319',2),
('COPC000120','35c56d60-737b-4c00-8666-03fdf7e7b771','3°niv','2320',2),
('COPC000121','35c56d60-737b-4c00-8666-03fdf7e7b771','3°niv','2321',2),
('COPC000122','35c56d60-737b-4c00-8666-03fdf7e7b771','3°niv','2322',2),
('COPC000123','35c56d60-737b-4c00-8666-03fdf7e7b771','3°niv','2323',2),
('COPC000124','35c56d60-737b-4c00-8666-03fdf7e7b771','3°niv','2324',2),
('COPC000125','35c56d60-737b-4c00-8666-03fdf7e7b771','3°niv','2325',2),
('COPC000126','35c56d60-737b-4c00-8666-03fdf7e7b771','3°niv','2326',2),
('COPC000127','35c56d60-737b-4c00-8666-03fdf7e7b771','3°niv','2327',2),
('COPC000128','35c56d60-737b-4c00-8666-03fdf7e7b771','3°niv','2328',2),
('COPC000129','35c56d60-737b-4c00-8666-03fdf7e7b771','3°niv','2329',2),
('COPC000130','35c56d60-737b-4c00-8666-03fdf7e7b771','3°niv','2330',2),
('COPC000131','35c56d60-737b-4c00-8666-03fdf7e7b771','3°niv','2331',2),
('COPC000132','35c56d60-737b-4c00-8666-03fdf7e7b771','4°niv','2401',2),
('COPC000133','35c56d60-737b-4c00-8666-03fdf7e7b771','4°niv','2402',2),
('COPC000134','35c56d60-737b-4c00-8666-03fdf7e7b771','4°niv','2403',2),
('COPC000135','35c56d60-737b-4c00-8666-03fdf7e7b771','4°niv','2404',2),
('COPC000136','35c56d60-737b-4c00-8666-03fdf7e7b771','4°niv','2405',2),
('COPC000137','35c56d60-737b-4c00-8666-03fdf7e7b771','4°niv','2406',2),
('COPC000138','35c56d60-737b-4c00-8666-03fdf7e7b771','4°niv','2407',2),
('COPC000139','35c56d60-737b-4c00-8666-03fdf7e7b771','4°niv','2408',2),
('COPC000140','35c56d60-737b-4c00-8666-03fdf7e7b771','4°niv','2409',2),
('COPC000141','35c56d60-737b-4c00-8666-03fdf7e7b771','4°niv','2410',2),
('COPC000142','35c56d60-737b-4c00-8666-03fdf7e7b771','4°niv','2411',2),
('COPC000143','35c56d60-737b-4c00-8666-03fdf7e7b771','4°niv','2412',2),
('COPC000144','35c56d60-737b-4c00-8666-03fdf7e7b771','4°niv','2413',2),
('COPC000145','35c56d60-737b-4c00-8666-03fdf7e7b771','4°niv','2414',2),
('COPC000146','35c56d60-737b-4c00-8666-03fdf7e7b771','4°niv','2415',2),
('COPC000147','35c56d60-737b-4c00-8666-03fdf7e7b771','4°niv','2416',2),
('COPC000148','35c56d60-737b-4c00-8666-03fdf7e7b771','4°niv','2417',2),
('COPC000149','35c56d60-737b-4c00-8666-03fdf7e7b771','4°niv','2418',2),
('COPC000150','35c56d60-737b-4c00-8666-03fdf7e7b771','4°niv','2419',2),
('COPC000151','35c56d60-737b-4c00-8666-03fdf7e7b771','4°niv','2420',2),
('COPC000152','35c56d60-737b-4c00-8666-03fdf7e7b771','4°niv','2421',2),
('COPC000153','35c56d60-737b-4c00-8666-03fdf7e7b771','4°niv','2422',2),
('COPC000154','35c56d60-737b-4c00-8666-03fdf7e7b771','4°niv','2423',2),
('COPC000155','35c56d60-737b-4c00-8666-03fdf7e7b771','4°niv','2424',2),
('COPC000156','35c56d60-737b-4c00-8666-03fdf7e7b771','4°niv','2425',2),
('COPC000157','35c56d60-737b-4c00-8666-03fdf7e7b771','4°niv','2426',2),
('COPC000158','35c56d60-737b-4c00-8666-03fdf7e7b771','4°niv','2427',2),
('COPC000159','35c56d60-737b-4c00-8666-03fdf7e7b771','4°niv','2428',2),
('COPC000160','35c56d60-737b-4c00-8666-03fdf7e7b771','4°niv','2429',2),
('COPC000161','35c56d60-737b-4c00-8666-03fdf7e7b771','4°niv','2430',2),
('COPC000162','35c56d60-737b-4c00-8666-03fdf7e7b771','4°niv','2431',2),
('COPC000163','35c56d60-737b-4c00-8666-03fdf7e7b771','5°niv','2501',2),
('COPC000164','35c56d60-737b-4c00-8666-03fdf7e7b771','5°niv','2502',2),
('COPC000165','35c56d60-737b-4c00-8666-03fdf7e7b771','5°niv','2503',2),
('COPC000166','35c56d60-737b-4c00-8666-03fdf7e7b771','5°niv','2504',2),
('COPC000167','35c56d60-737b-4c00-8666-03fdf7e7b771','5°niv','2505',2),
('COPC000168','35c56d60-737b-4c00-8666-03fdf7e7b771','5°niv','2506',2),
('COPC000169','35c56d60-737b-4c00-8666-03fdf7e7b771','5°niv','2507',2),
('COPC000170','35c56d60-737b-4c00-8666-03fdf7e7b771','5°niv','2508',2),
('COPC000171','35c56d60-737b-4c00-8666-03fdf7e7b771','5°niv','2509',2),
('COPC000172','35c56d60-737b-4c00-8666-03fdf7e7b771','5°niv','2510',2),
('COPC000173','35c56d60-737b-4c00-8666-03fdf7e7b771','5°niv','2511',2),
('COPC000174','35c56d60-737b-4c00-8666-03fdf7e7b771','5°niv','2512',2),
('COPC000175','35c56d60-737b-4c00-8666-03fdf7e7b771','5°niv','2513',2),
('COPC000176','35c56d60-737b-4c00-8666-03fdf7e7b771','5°niv','2514',2),
('COPC000177','35c56d60-737b-4c00-8666-03fdf7e7b771','5°niv','2515',2),
('COPC000178','35c56d60-737b-4c00-8666-03fdf7e7b771','5°niv','2516',2),
('COPC000179','35c56d60-737b-4c00-8666-03fdf7e7b771','5°niv','2517',2),
('COPC000180','35c56d60-737b-4c00-8666-03fdf7e7b771','5°niv','2518',2),
('COPC000181','35c56d60-737b-4c00-8666-03fdf7e7b771','5°niv','2519',2),
('COPC000182','35c56d60-737b-4c00-8666-03fdf7e7b771','5°niv','2520',2),
('COPC000183','35c56d60-737b-4c00-8666-03fdf7e7b771','5°niv','2521',2),
('COPC000184','35c56d60-737b-4c00-8666-03fdf7e7b771','5°niv','2522',2),
('COPC000185','35c56d60-737b-4c00-8666-03fdf7e7b771','5°niv','2523',2),
('COPC000186','35c56d60-737b-4c00-8666-03fdf7e7b771','5°niv','2524',2),
('COPC000187','35c56d60-737b-4c00-8666-03fdf7e7b771','5°niv','2525',2),
('COPC000188','35c56d60-737b-4c00-8666-03fdf7e7b771','5°niv','2526',2),
('COPC000189','35c56d60-737b-4c00-8666-03fdf7e7b771','5°niv','2527',2),
('COPC000190','35c56d60-737b-4c00-8666-03fdf7e7b771','5°niv','2528',2),
('COPC000191','35c56d60-737b-4c00-8666-03fdf7e7b771','5°niv','2529',2),
('COPC000192','35c56d60-737b-4c00-8666-03fdf7e7b771','5°niv','2530',2),
('COPC000193','35c56d60-737b-4c00-8666-03fdf7e7b771','5°niv','2531',2),
('COPC000194','35c56d60-737b-4c00-8666-03fdf7e7b771','6°niv','2601',2),
('COPC000195','35c56d60-737b-4c00-8666-03fdf7e7b771','6°niv','2602',2),
('COPC000196','35c56d60-737b-4c00-8666-03fdf7e7b771','6°niv','2603',2),
('COPC000197','35c56d60-737b-4c00-8666-03fdf7e7b771','6°niv','2604',2),
('COPC000198','35c56d60-737b-4c00-8666-03fdf7e7b771','6°niv','2605',2),
('COPC000199','35c56d60-737b-4c00-8666-03fdf7e7b771','6°niv','2606',2),
('COPC000200','35c56d60-737b-4c00-8666-03fdf7e7b771','6°niv','2607',2),
('COPC000201','35c56d60-737b-4c00-8666-03fdf7e7b771','6°niv','2608',2),
('COPC000202','35c56d60-737b-4c00-8666-03fdf7e7b771','6°niv','2609',2),
('COPC000203','35c56d60-737b-4c00-8666-03fdf7e7b771','6°niv','2610',2),
('COPC000204','35c56d60-737b-4c00-8666-03fdf7e7b771','6°niv','2611',2),
('COPC000205','35c56d60-737b-4c00-8666-03fdf7e7b771','6°niv','2612',2),
('COPC000206','35c56d60-737b-4c00-8666-03fdf7e7b771','6°niv','2613',2),
('COPC000207','35c56d60-737b-4c00-8666-03fdf7e7b771','6°niv','2614',2),
('COPC000208','35c56d60-737b-4c00-8666-03fdf7e7b771','6°niv','2615',2),
('COPC000209','35c56d60-737b-4c00-8666-03fdf7e7b771','6°niv','2616',2),
('COPC000210','35c56d60-737b-4c00-8666-03fdf7e7b771','6°niv','2617',2),
('COPC000211','35c56d60-737b-4c00-8666-03fdf7e7b771','6°niv','2618',2),
('COPC000212','35c56d60-737b-4c00-8666-03fdf7e7b771','6°niv','2619',2),
('COPC000213','35c56d60-737b-4c00-8666-03fdf7e7b771','6°niv','2620',2),
('COPC000214','35c56d60-737b-4c00-8666-03fdf7e7b771','6°niv','2621',2),
('COPC000215','35c56d60-737b-4c00-8666-03fdf7e7b771','6°niv','2622',2),
('COPC000216','35c56d60-737b-4c00-8666-03fdf7e7b771','6°niv','2623',2),
('COPC000217','35c56d60-737b-4c00-8666-03fdf7e7b771','6°niv','2624',2),
('COPC000218','35c56d60-737b-4c00-8666-03fdf7e7b771','6°niv','2625',2),
('COPC000219','35c56d60-737b-4c00-8666-03fdf7e7b771','6°niv','2626',2),
('COPC000220','35c56d60-737b-4c00-8666-03fdf7e7b771','6°niv','2627',2),
('COPC000221','35c56d60-737b-4c00-8666-03fdf7e7b771','6°niv','2628',2),
('COPC000222','35c56d60-737b-4c00-8666-03fdf7e7b771','6°niv','2629',2),
('COPC000223','35c56d60-737b-4c00-8666-03fdf7e7b771','6°niv','2630',2),
('COPC000224','35c56d60-737b-4c00-8666-03fdf7e7b771','6°niv','2631',2),
('COPC000225','bd12cdcc-eb40-4df7-a1b0-9796a5b8cc8c','1°niv','3101',0),
('COPC000226','bd12cdcc-eb40-4df7-a1b0-9796a5b8cc8c','1°niv','3102',2),
('COPC000227','bd12cdcc-eb40-4df7-a1b0-9796a5b8cc8c','1°niv','3103',2),
('COPC000228','bd12cdcc-eb40-4df7-a1b0-9796a5b8cc8c','1°niv','3104',2),
('COPC000229','bd12cdcc-eb40-4df7-a1b0-9796a5b8cc8c','1°niv','3105',2),
('COPC000230','bd12cdcc-eb40-4df7-a1b0-9796a5b8cc8c','1°niv','3106',2),
('COPC000231','bd12cdcc-eb40-4df7-a1b0-9796a5b8cc8c','1°niv','3107',2),
('COPC000232','bd12cdcc-eb40-4df7-a1b0-9796a5b8cc8c','1°niv','3108',2),
('COPC000233','bd12cdcc-eb40-4df7-a1b0-9796a5b8cc8c','1°niv','3109',2),
('COPC000234','bd12cdcc-eb40-4df7-a1b0-9796a5b8cc8c','1°niv','3110',2),
('COPC000235','bd12cdcc-eb40-4df7-a1b0-9796a5b8cc8c','1°niv','3111',2),
('COPC000236','bd12cdcc-eb40-4df7-a1b0-9796a5b8cc8c','1°niv','3112',2),
('COPC000237','bd12cdcc-eb40-4df7-a1b0-9796a5b8cc8c','1°niv','3113',2),
('COPC000238','bd12cdcc-eb40-4df7-a1b0-9796a5b8cc8c','1°niv','3114',1),
('COPC000239','bd12cdcc-eb40-4df7-a1b0-9796a5b8cc8c','1°niv','3115',1),
('COPC000240','bd12cdcc-eb40-4df7-a1b0-9796a5b8cc8c','1°niv','3116',1),
('COPC000241','bd12cdcc-eb40-4df7-a1b0-9796a5b8cc8c','1°niv','3117',1),
('COPC000242','bd12cdcc-eb40-4df7-a1b0-9796a5b8cc8c','1°niv','3118',1),
('COPC000243','bd12cdcc-eb40-4df7-a1b0-9796a5b8cc8c','1°niv','3119',1),
('COPC000244','bd12cdcc-eb40-4df7-a1b0-9796a5b8cc8c','2°niv','3201',2),
('COPC000245','bd12cdcc-eb40-4df7-a1b0-9796a5b8cc8c','2°niv','3202',2),
('COPC000246','bd12cdcc-eb40-4df7-a1b0-9796a5b8cc8c','2°niv','3203',2),
('COPC000247','bd12cdcc-eb40-4df7-a1b0-9796a5b8cc8c','2°niv','3204',2),
('COPC000248','bd12cdcc-eb40-4df7-a1b0-9796a5b8cc8c','2°niv','3205',2),
('COPC000249','bd12cdcc-eb40-4df7-a1b0-9796a5b8cc8c','2°niv','3206',2),
('COPC000250','bd12cdcc-eb40-4df7-a1b0-9796a5b8cc8c','2°niv','3207',2),
('COPC000251','bd12cdcc-eb40-4df7-a1b0-9796a5b8cc8c','2°niv','3208',2),
('COPC000252','bd12cdcc-eb40-4df7-a1b0-9796a5b8cc8c','2°niv','3209',2),
('COPC000253','bd12cdcc-eb40-4df7-a1b0-9796a5b8cc8c','2°niv','3210',2),
('COPC000254','bd12cdcc-eb40-4df7-a1b0-9796a5b8cc8c','2°niv','3211',2),
('COPC000255','bd12cdcc-eb40-4df7-a1b0-9796a5b8cc8c','2°niv','3212',2),
('COPC000256','bd12cdcc-eb40-4df7-a1b0-9796a5b8cc8c','2°niv','3213',2),
('COPC000257','bd12cdcc-eb40-4df7-a1b0-9796a5b8cc8c','2°niv','3214',2),
('COPC000258','bd12cdcc-eb40-4df7-a1b0-9796a5b8cc8c','2°niv','3215',2),
('COPC000259','bd12cdcc-eb40-4df7-a1b0-9796a5b8cc8c','2°niv','3216',2),
('COPC000260','bd12cdcc-eb40-4df7-a1b0-9796a5b8cc8c','2°niv','3217',2),
('COPC000261','bd12cdcc-eb40-4df7-a1b0-9796a5b8cc8c','2°niv','3218',2),
('COPC000262','bd12cdcc-eb40-4df7-a1b0-9796a5b8cc8c','2°niv','3219',2),
('COPC000263','bd12cdcc-eb40-4df7-a1b0-9796a5b8cc8c','2°niv','3220',2),
('COPC000264','bd12cdcc-eb40-4df7-a1b0-9796a5b8cc8c','2°niv','3221',2),
('COPC000265','bd12cdcc-eb40-4df7-a1b0-9796a5b8cc8c','2°niv','3222',2),
('COPC000266','bd12cdcc-eb40-4df7-a1b0-9796a5b8cc8c','2°niv','3223',2),
('COPC000267','bd12cdcc-eb40-4df7-a1b0-9796a5b8cc8c','2°niv','3224',2),
('COPC000268','bd12cdcc-eb40-4df7-a1b0-9796a5b8cc8c','2°niv','3225',2),
('COPC000269','bd12cdcc-eb40-4df7-a1b0-9796a5b8cc8c','2°niv','3226',2),
('COPC000270','bd12cdcc-eb40-4df7-a1b0-9796a5b8cc8c','2°niv','3227',2),
('COPC000271','bd12cdcc-eb40-4df7-a1b0-9796a5b8cc8c','2°niv','3228',2),
('COPC000272','bd12cdcc-eb40-4df7-a1b0-9796a5b8cc8c','2°niv','3229',2),
('COPC000273','bd12cdcc-eb40-4df7-a1b0-9796a5b8cc8c','2°niv','3230',2),
('COPC000274','bd12cdcc-eb40-4df7-a1b0-9796a5b8cc8c','2°niv','3231',2),
('COPC000275','bd12cdcc-eb40-4df7-a1b0-9796a5b8cc8c','2°niv','3232',2),
('COPC000276','bd12cdcc-eb40-4df7-a1b0-9796a5b8cc8c','2°niv','3233',2),
('COPC000277','bd12cdcc-eb40-4df7-a1b0-9796a5b8cc8c','2°niv','3234',2),
('COPC000278','bd12cdcc-eb40-4df7-a1b0-9796a5b8cc8c','2°niv','3235',2),
('COPC000279','bd12cdcc-eb40-4df7-a1b0-9796a5b8cc8c','3°niv','3301',2),
('COPC000280','bd12cdcc-eb40-4df7-a1b0-9796a5b8cc8c','3°niv','3302',2),
('COPC000281','bd12cdcc-eb40-4df7-a1b0-9796a5b8cc8c','3°niv','3303',2),
('COPC000282','bd12cdcc-eb40-4df7-a1b0-9796a5b8cc8c','3°niv','3304',2),
('COPC000283','bd12cdcc-eb40-4df7-a1b0-9796a5b8cc8c','3°niv','3305',2),
('COPC000284','bd12cdcc-eb40-4df7-a1b0-9796a5b8cc8c','3°niv','3306',2),
('COPC000285','bd12cdcc-eb40-4df7-a1b0-9796a5b8cc8c','3°niv','3307',2),
('COPC000286','bd12cdcc-eb40-4df7-a1b0-9796a5b8cc8c','3°niv','3308',2),
('COPC000287','bd12cdcc-eb40-4df7-a1b0-9796a5b8cc8c','3°niv','3309',2),
('COPC000288','bd12cdcc-eb40-4df7-a1b0-9796a5b8cc8c','3°niv','3310',2),
('COPC000289','bd12cdcc-eb40-4df7-a1b0-9796a5b8cc8c','3°niv','3311',2),
('COPC000290','bd12cdcc-eb40-4df7-a1b0-9796a5b8cc8c','3°niv','3312',2),
('COPC000291','bd12cdcc-eb40-4df7-a1b0-9796a5b8cc8c','3°niv','3313',2),
('COPC000292','bd12cdcc-eb40-4df7-a1b0-9796a5b8cc8c','3°niv','3314',2),
('COPC000293','bd12cdcc-eb40-4df7-a1b0-9796a5b8cc8c','3°niv','3315',2),
('COPC000294','bd12cdcc-eb40-4df7-a1b0-9796a5b8cc8c','3°niv','3316',2),
('COPC000295','bd12cdcc-eb40-4df7-a1b0-9796a5b8cc8c','3°niv','3317',2),
('COPC000296','bd12cdcc-eb40-4df7-a1b0-9796a5b8cc8c','3°niv','3318',2),
('COPC000297','bd12cdcc-eb40-4df7-a1b0-9796a5b8cc8c','3°niv','3319',2),
('COPC000298','bd12cdcc-eb40-4df7-a1b0-9796a5b8cc8c','3°niv','3320',2),
('COPC000299','bd12cdcc-eb40-4df7-a1b0-9796a5b8cc8c','3°niv','3321',2),
('COPC000300','bd12cdcc-eb40-4df7-a1b0-9796a5b8cc8c','3°niv','3322',2),
('COPC000301','bd12cdcc-eb40-4df7-a1b0-9796a5b8cc8c','3°niv','3323',2),
('COPC000302','bd12cdcc-eb40-4df7-a1b0-9796a5b8cc8c','3°niv','3324',2),
('COPC000303','bd12cdcc-eb40-4df7-a1b0-9796a5b8cc8c','3°niv','3325',2),
('COPC000304','bd12cdcc-eb40-4df7-a1b0-9796a5b8cc8c','3°niv','3326',2),
('COPC000305','bd12cdcc-eb40-4df7-a1b0-9796a5b8cc8c','3°niv','3327',2),
('COPC000306','bd12cdcc-eb40-4df7-a1b0-9796a5b8cc8c','3°niv','3328',2),
('COPC000307','bd12cdcc-eb40-4df7-a1b0-9796a5b8cc8c','3°niv','3329',2),
('COPC000308','bd12cdcc-eb40-4df7-a1b0-9796a5b8cc8c','3°niv','3330',2),
('COPC000309','bd12cdcc-eb40-4df7-a1b0-9796a5b8cc8c','3°niv','3331',2),
('COPC000310','bd12cdcc-eb40-4df7-a1b0-9796a5b8cc8c','3°niv','3332',2),
('COPC000311','bd12cdcc-eb40-4df7-a1b0-9796a5b8cc8c','3°niv','3333',2),
('COPC000312','bd12cdcc-eb40-4df7-a1b0-9796a5b8cc8c','3°niv','3334',2),
('COPC000313','bd12cdcc-eb40-4df7-a1b0-9796a5b8cc8c','3°niv','3335',2),
('COPC000314','bd12cdcc-eb40-4df7-a1b0-9796a5b8cc8c','3°niv','3336',2),
('COPC000315','bd12cdcc-eb40-4df7-a1b0-9796a5b8cc8c','3°niv','3337',2),
('COPC000316','bd12cdcc-eb40-4df7-a1b0-9796a5b8cc8c','4°niv','3401',2),
('COPC000317','bd12cdcc-eb40-4df7-a1b0-9796a5b8cc8c','4°niv','3402',2),
('COPC000318','bd12cdcc-eb40-4df7-a1b0-9796a5b8cc8c','4°niv','3403',2),
('COPC000319','bd12cdcc-eb40-4df7-a1b0-9796a5b8cc8c','4°niv','3404',2),
('COPC000320','bd12cdcc-eb40-4df7-a1b0-9796a5b8cc8c','4°niv','3405',2),
('COPC000321','bd12cdcc-eb40-4df7-a1b0-9796a5b8cc8c','4°niv','3406',2),
('COPC000322','bd12cdcc-eb40-4df7-a1b0-9796a5b8cc8c','4°niv','3407',2),
('COPC000323','bd12cdcc-eb40-4df7-a1b0-9796a5b8cc8c','4°niv','3408',2),
('COPC000324','bd12cdcc-eb40-4df7-a1b0-9796a5b8cc8c','4°niv','3409',2),
('COPC000325','bd12cdcc-eb40-4df7-a1b0-9796a5b8cc8c','4°niv','3410',2),
('COPC000326','bd12cdcc-eb40-4df7-a1b0-9796a5b8cc8c','4°niv','3411',2),
('COPC000327','bd12cdcc-eb40-4df7-a1b0-9796a5b8cc8c','4°niv','3412',2),
('COPC000328','bd12cdcc-eb40-4df7-a1b0-9796a5b8cc8c','4°niv','3413',2),
('COPC000329','bd12cdcc-eb40-4df7-a1b0-9796a5b8cc8c','4°niv','3414',2),
('COPC000330','bd12cdcc-eb40-4df7-a1b0-9796a5b8cc8c','4°niv','3415',2),
('COPC000331','bd12cdcc-eb40-4df7-a1b0-9796a5b8cc8c','4°niv','3416',2),
('COPC000332','bd12cdcc-eb40-4df7-a1b0-9796a5b8cc8c','4°niv','3417',2),
('COPC000333','bd12cdcc-eb40-4df7-a1b0-9796a5b8cc8c','4°niv','3418',2),
('COPC000334','bd12cdcc-eb40-4df7-a1b0-9796a5b8cc8c','4°niv','3419',2),
('COPC000335','bd12cdcc-eb40-4df7-a1b0-9796a5b8cc8c','4°niv','3420',2),
('COPC000336','bd12cdcc-eb40-4df7-a1b0-9796a5b8cc8c','4°niv','3421',2),
('COPC000337','bd12cdcc-eb40-4df7-a1b0-9796a5b8cc8c','4°niv','3422',2),
('COPC000338','bd12cdcc-eb40-4df7-a1b0-9796a5b8cc8c','4°niv','3423',2),
('COPC000339','bd12cdcc-eb40-4df7-a1b0-9796a5b8cc8c','4°niv','3424',2),
('COPC000340','bd12cdcc-eb40-4df7-a1b0-9796a5b8cc8c','4°niv','3425',2),
('COPC000341','bd12cdcc-eb40-4df7-a1b0-9796a5b8cc8c','4°niv','3426',2),
('COPC000342','bd12cdcc-eb40-4df7-a1b0-9796a5b8cc8c','4°niv','3427',2),
('COPC000343','bd12cdcc-eb40-4df7-a1b0-9796a5b8cc8c','4°niv','3428',2),
('COPC000344','bd12cdcc-eb40-4df7-a1b0-9796a5b8cc8c','4°niv','3429',2),
('COPC000345','bd12cdcc-eb40-4df7-a1b0-9796a5b8cc8c','4°niv','3430',2),
('COPC000346','bd12cdcc-eb40-4df7-a1b0-9796a5b8cc8c','4°niv','3431',2),
('COPC000347','bd12cdcc-eb40-4df7-a1b0-9796a5b8cc8c','4°niv','3432',2),
('COPC000348','bd12cdcc-eb40-4df7-a1b0-9796a5b8cc8c','4°niv','3433',2),
('COPC000349','bd12cdcc-eb40-4df7-a1b0-9796a5b8cc8c','4°niv','3434',2),
('COPC000350','bd12cdcc-eb40-4df7-a1b0-9796a5b8cc8c','4°niv','3435',2),
('COPC000351','bd12cdcc-eb40-4df7-a1b0-9796a5b8cc8c','4°niv','3436',2),
('COPC000352','bd12cdcc-eb40-4df7-a1b0-9796a5b8cc8c','4°niv','3437',2),
('COPC000353','bd12cdcc-eb40-4df7-a1b0-9796a5b8cc8c','5°niv','3501',2),
('COPC000354','bd12cdcc-eb40-4df7-a1b0-9796a5b8cc8c','5°niv','3502',2),
('COPC000355','bd12cdcc-eb40-4df7-a1b0-9796a5b8cc8c','5°niv','3503',2),
('COPC000356','bd12cdcc-eb40-4df7-a1b0-9796a5b8cc8c','5°niv','3504',2),
('COPC000357','bd12cdcc-eb40-4df7-a1b0-9796a5b8cc8c','5°niv','3505',2),
('COPC000358','bd12cdcc-eb40-4df7-a1b0-9796a5b8cc8c','5°niv','3506',2),
('COPC000359','bd12cdcc-eb40-4df7-a1b0-9796a5b8cc8c','5°niv','3507',2),
('COPC000360','bd12cdcc-eb40-4df7-a1b0-9796a5b8cc8c','5°niv','3508',2),
('COPC000361','bd12cdcc-eb40-4df7-a1b0-9796a5b8cc8c','5°niv','3509',2),
('COPC000362','bd12cdcc-eb40-4df7-a1b0-9796a5b8cc8c','5°niv','3510',2),
('COPC000363','bd12cdcc-eb40-4df7-a1b0-9796a5b8cc8c','5°niv','3511',2),
('COPC000364','bd12cdcc-eb40-4df7-a1b0-9796a5b8cc8c','5°niv','3512',2),
('COPC000365','bd12cdcc-eb40-4df7-a1b0-9796a5b8cc8c','5°niv','3513',2),
('COPC000366','bd12cdcc-eb40-4df7-a1b0-9796a5b8cc8c','5°niv','3514',2),
('COPC000367','bd12cdcc-eb40-4df7-a1b0-9796a5b8cc8c','5°niv','3515',2),
('COPC000368','bd12cdcc-eb40-4df7-a1b0-9796a5b8cc8c','5°niv','3516',2),
('COPC000369','bd12cdcc-eb40-4df7-a1b0-9796a5b8cc8c','5°niv','3517',2),
('COPC000370','bd12cdcc-eb40-4df7-a1b0-9796a5b8cc8c','5°niv','3518',2),
('COPC000371','bd12cdcc-eb40-4df7-a1b0-9796a5b8cc8c','5°niv','3519',2),
('COPC000372','bd12cdcc-eb40-4df7-a1b0-9796a5b8cc8c','5°niv','3520',2),
('COPC000373','bd12cdcc-eb40-4df7-a1b0-9796a5b8cc8c','5°niv','3521',2),
('COPC000374','bd12cdcc-eb40-4df7-a1b0-9796a5b8cc8c','5°niv','3522',2),
('COPC000375','bd12cdcc-eb40-4df7-a1b0-9796a5b8cc8c','5°niv','3523',2),
('COPC000376','bd12cdcc-eb40-4df7-a1b0-9796a5b8cc8c','5°niv','3524',2),
('COPC000377','bd12cdcc-eb40-4df7-a1b0-9796a5b8cc8c','5°niv','3525',2),
('COPC000378','bd12cdcc-eb40-4df7-a1b0-9796a5b8cc8c','5°niv','3526',2),
('COPC000379','bd12cdcc-eb40-4df7-a1b0-9796a5b8cc8c','5°niv','3527',2),
('COPC000380','bd12cdcc-eb40-4df7-a1b0-9796a5b8cc8c','5°niv','3528',2),
('COPC000381','bd12cdcc-eb40-4df7-a1b0-9796a5b8cc8c','5°niv','3529',2),
('COPC000382','bd12cdcc-eb40-4df7-a1b0-9796a5b8cc8c','5°niv','3530',2),
('COPC000383','bd12cdcc-eb40-4df7-a1b0-9796a5b8cc8c','5°niv','3531',2),
('COPC000384','bd12cdcc-eb40-4df7-a1b0-9796a5b8cc8c','5°niv','3532',2),
('COPC000385','bd12cdcc-eb40-4df7-a1b0-9796a5b8cc8c','5°niv','3533',2),
('COPC000386','bd12cdcc-eb40-4df7-a1b0-9796a5b8cc8c','5°niv','3534',2),
('COPC000387','bd12cdcc-eb40-4df7-a1b0-9796a5b8cc8c','5°niv','3535',2),
('COPC000388','bd12cdcc-eb40-4df7-a1b0-9796a5b8cc8c','5°niv','3536',2),
('COPC000389','bd12cdcc-eb40-4df7-a1b0-9796a5b8cc8c','5°niv','3537',2),
('COPC000390','bd12cdcc-eb40-4df7-a1b0-9796a5b8cc8c','6°niv','3601',2),
('COPC000391','bd12cdcc-eb40-4df7-a1b0-9796a5b8cc8c','6°niv','3602',2),
('COPC000392','bd12cdcc-eb40-4df7-a1b0-9796a5b8cc8c','6°niv','3603',2),
('COPC000393','bd12cdcc-eb40-4df7-a1b0-9796a5b8cc8c','6°niv','3604',2),
('COPC000394','bd12cdcc-eb40-4df7-a1b0-9796a5b8cc8c','6°niv','3605',2),
('COPC000395','bd12cdcc-eb40-4df7-a1b0-9796a5b8cc8c','6°niv','3606',2),
('COPC000396','bd12cdcc-eb40-4df7-a1b0-9796a5b8cc8c','6°niv','3607',2),
('COPC000397','bd12cdcc-eb40-4df7-a1b0-9796a5b8cc8c','6°niv','3608',2),
('COPC000398','bd12cdcc-eb40-4df7-a1b0-9796a5b8cc8c','6°niv','3609',2),
('COPC000399','bd12cdcc-eb40-4df7-a1b0-9796a5b8cc8c','6°niv','3610',2),
('COPC000400','bd12cdcc-eb40-4df7-a1b0-9796a5b8cc8c','6°niv','3611',2),
('COPC000401','bd12cdcc-eb40-4df7-a1b0-9796a5b8cc8c','6°niv','3612',2),
('COPC000402','bd12cdcc-eb40-4df7-a1b0-9796a5b8cc8c','6°niv','3613',2),
('COPC000403','bd12cdcc-eb40-4df7-a1b0-9796a5b8cc8c','6°niv','3614',2),
('COPC000404','bd12cdcc-eb40-4df7-a1b0-9796a5b8cc8c','6°niv','3615',2),
('COPC000405','bd12cdcc-eb40-4df7-a1b0-9796a5b8cc8c','6°niv','3616',2),
('COPC000406','bd12cdcc-eb40-4df7-a1b0-9796a5b8cc8c','6°niv','3617',2),
('COPC000407','bd12cdcc-eb40-4df7-a1b0-9796a5b8cc8c','6°niv','3618',2),
('COPC000408','bd12cdcc-eb40-4df7-a1b0-9796a5b8cc8c','6°niv','3619',2),
('COPC000409','bd12cdcc-eb40-4df7-a1b0-9796a5b8cc8c','6°niv','3620',2),
('COPC000410','bd12cdcc-eb40-4df7-a1b0-9796a5b8cc8c','6°niv','3621',2),
('COPC000411','bd12cdcc-eb40-4df7-a1b0-9796a5b8cc8c','6°niv','3622',2),
('COPC000412','bd12cdcc-eb40-4df7-a1b0-9796a5b8cc8c','6°niv','3623',2),
('COPC000413','bd12cdcc-eb40-4df7-a1b0-9796a5b8cc8c','6°niv','3624',2),
('COPC000414','bd12cdcc-eb40-4df7-a1b0-9796a5b8cc8c','6°niv','3625',2),
('COPC000415','bd12cdcc-eb40-4df7-a1b0-9796a5b8cc8c','6°niv','3626',2),
('COPC000416','bd12cdcc-eb40-4df7-a1b0-9796a5b8cc8c','6°niv','3627',2),
('COPC000417','bd12cdcc-eb40-4df7-a1b0-9796a5b8cc8c','6°niv','3628',2),
('COPC000418','bd12cdcc-eb40-4df7-a1b0-9796a5b8cc8c','6°niv','3629',2),
('COPC000419','bd12cdcc-eb40-4df7-a1b0-9796a5b8cc8c','6°niv','3630',2),
('COPC000420','bd12cdcc-eb40-4df7-a1b0-9796a5b8cc8c','6°niv','3631',2),
('COPC000421','bd12cdcc-eb40-4df7-a1b0-9796a5b8cc8c','6°niv','3632',2),
('COPC000422','bd12cdcc-eb40-4df7-a1b0-9796a5b8cc8c','6°niv','3633',2),
('COPC000423','bd12cdcc-eb40-4df7-a1b0-9796a5b8cc8c','6°niv','3634',2),
('COPC000424','bd12cdcc-eb40-4df7-a1b0-9796a5b8cc8c','6°niv','3635',2),
('COPC000425','bd12cdcc-eb40-4df7-a1b0-9796a5b8cc8c','6°niv','3636',2),
('COPC000426','bd12cdcc-eb40-4df7-a1b0-9796a5b8cc8c','6°niv','3637',2),
('COPC000427','4f607f0b-8fc3-452f-be53-600a87cd6060','1°niv','4101',2),
('COPC000428','4f607f0b-8fc3-452f-be53-600a87cd6060','1°niv','4102',2),
('COPC000429','4f607f0b-8fc3-452f-be53-600a87cd6060','1°niv','4103',2),
('COPC000430','4f607f0b-8fc3-452f-be53-600a87cd6060','1°niv','4104',2),
('COPC000431','4f607f0b-8fc3-452f-be53-600a87cd6060','1°niv','4105',2),
('COPC000432','4f607f0b-8fc3-452f-be53-600a87cd6060','1°niv','4106',2),
('COPC000433','4f607f0b-8fc3-452f-be53-600a87cd6060','1°niv','4107',2),
('COPC000434','4f607f0b-8fc3-452f-be53-600a87cd6060','1°niv','4108',2),
('COPC000435','4f607f0b-8fc3-452f-be53-600a87cd6060','1°niv','4109',2),
('COPC000436','4f607f0b-8fc3-452f-be53-600a87cd6060','1°niv','4110',2),
('COPC000437','4f607f0b-8fc3-452f-be53-600a87cd6060','1°niv','4111',2),
('COPC000438','4f607f0b-8fc3-452f-be53-600a87cd6060','1°niv','4112',2),
('COPC000439','4f607f0b-8fc3-452f-be53-600a87cd6060','1°niv','4113',2),
('COPC000440','4f607f0b-8fc3-452f-be53-600a87cd6060','1°niv','4114',2),
('COPC000441','4f607f0b-8fc3-452f-be53-600a87cd6060','1°niv','4115',2),
('COPC000442','4f607f0b-8fc3-452f-be53-600a87cd6060','1°niv','4116',2),
('COPC000443','4f607f0b-8fc3-452f-be53-600a87cd6060','1°niv','4117',2),
('COPC000444','4f607f0b-8fc3-452f-be53-600a87cd6060','1°niv','4118',1),
('COPC000445','4f607f0b-8fc3-452f-be53-600a87cd6060','1°niv','4119',2),
('COPC000446','4f607f0b-8fc3-452f-be53-600a87cd6060','2°niv','4201',2),
('COPC000447','4f607f0b-8fc3-452f-be53-600a87cd6060','2°niv','4202',2),
('COPC000448','4f607f0b-8fc3-452f-be53-600a87cd6060','2°niv','4203',2),
('COPC000449','4f607f0b-8fc3-452f-be53-600a87cd6060','2°niv','4204',2),
('COPC000450','4f607f0b-8fc3-452f-be53-600a87cd6060','2°niv','4205',2),
('COPC000451','4f607f0b-8fc3-452f-be53-600a87cd6060','2°niv','4206',2),
('COPC000452','4f607f0b-8fc3-452f-be53-600a87cd6060','2°niv','4207',2),
('COPC000453','4f607f0b-8fc3-452f-be53-600a87cd6060','2°niv','4208',2),
('COPC000454','4f607f0b-8fc3-452f-be53-600a87cd6060','2°niv','4209',2),
('COPC000455','4f607f0b-8fc3-452f-be53-600a87cd6060','2°niv','4210',2),
('COPC000456','4f607f0b-8fc3-452f-be53-600a87cd6060','2°niv','4211',2),
('COPC000457','4f607f0b-8fc3-452f-be53-600a87cd6060','2°niv','4212',2),
('COPC000458','4f607f0b-8fc3-452f-be53-600a87cd6060','2°niv','4213',2),
('COPC000459','4f607f0b-8fc3-452f-be53-600a87cd6060','2°niv','4214',2),
('COPC000460','4f607f0b-8fc3-452f-be53-600a87cd6060','2°niv','4215',2),
('COPC000461','4f607f0b-8fc3-452f-be53-600a87cd6060','2°niv','4216',2),
('COPC000462','4f607f0b-8fc3-452f-be53-600a87cd6060','2°niv','4217',2),
('COPC000463','4f607f0b-8fc3-452f-be53-600a87cd6060','2°niv','4218',2),
('COPC000464','4f607f0b-8fc3-452f-be53-600a87cd6060','2°niv','4219',2),
('COPC000465','4f607f0b-8fc3-452f-be53-600a87cd6060','2°niv','4220',2),
('COPC000466','4f607f0b-8fc3-452f-be53-600a87cd6060','2°niv','4221',2),
('COPC000467','4f607f0b-8fc3-452f-be53-600a87cd6060','2°niv','4222',2),
('COPC000468','4f607f0b-8fc3-452f-be53-600a87cd6060','2°niv','4223',2),
('COPC000469','4f607f0b-8fc3-452f-be53-600a87cd6060','2°niv','4224',2),
('COPC000470','4f607f0b-8fc3-452f-be53-600a87cd6060','2°niv','4225',2),
('COPC000471','4f607f0b-8fc3-452f-be53-600a87cd6060','3°niv','4301',2),
('COPC000472','4f607f0b-8fc3-452f-be53-600a87cd6060','3°niv','4302',2),
('COPC000473','4f607f0b-8fc3-452f-be53-600a87cd6060','3°niv','4303',2),
('COPC000474','4f607f0b-8fc3-452f-be53-600a87cd6060','3°niv','4304',2),
('COPC000475','4f607f0b-8fc3-452f-be53-600a87cd6060','3°niv','4305',2),
('COPC000476','4f607f0b-8fc3-452f-be53-600a87cd6060','3°niv','4306',2),
('COPC000477','4f607f0b-8fc3-452f-be53-600a87cd6060','3°niv','4307',2),
('COPC000478','4f607f0b-8fc3-452f-be53-600a87cd6060','3°niv','4308',2),
('COPC000479','4f607f0b-8fc3-452f-be53-600a87cd6060','3°niv','4309',2),
('COPC000480','4f607f0b-8fc3-452f-be53-600a87cd6060','3°niv','4310',2),
('COPC000481','4f607f0b-8fc3-452f-be53-600a87cd6060','3°niv','4311',2),
('COPC000482','4f607f0b-8fc3-452f-be53-600a87cd6060','3°niv','4312',2),
('COPC000483','4f607f0b-8fc3-452f-be53-600a87cd6060','3°niv','4313',2),
('COPC000484','4f607f0b-8fc3-452f-be53-600a87cd6060','3°niv','4314',2),
('COPC000485','4f607f0b-8fc3-452f-be53-600a87cd6060','3°niv','4315',2),
('COPC000486','4f607f0b-8fc3-452f-be53-600a87cd6060','3°niv','4316',2),
('COPC000487','4f607f0b-8fc3-452f-be53-600a87cd6060','3°niv','4317',2),
('COPC000488','4f607f0b-8fc3-452f-be53-600a87cd6060','3°niv','4318',2),
('COPC000489','4f607f0b-8fc3-452f-be53-600a87cd6060','3°niv','4319',2),
('COPC000490','4f607f0b-8fc3-452f-be53-600a87cd6060','3°niv','4320',2),
('COPC000491','4f607f0b-8fc3-452f-be53-600a87cd6060','3°niv','4321',2),
('COPC000492','4f607f0b-8fc3-452f-be53-600a87cd6060','3°niv','4322',2),
('COPC000493','4f607f0b-8fc3-452f-be53-600a87cd6060','3°niv','4323',2),
('COPC000494','4f607f0b-8fc3-452f-be53-600a87cd6060','3°niv','4324',2),
('COPC000495','4f607f0b-8fc3-452f-be53-600a87cd6060','3°niv','4325',2),
('COPC000496','4f607f0b-8fc3-452f-be53-600a87cd6060','3°niv','4326',2),
('COPC000497','4f607f0b-8fc3-452f-be53-600a87cd6060','3°niv','4327',2),
('COPC000498','4f607f0b-8fc3-452f-be53-600a87cd6060','4°niv','4401',2),
('COPC000499','4f607f0b-8fc3-452f-be53-600a87cd6060','4°niv','4402',2),
('COPC000500','4f607f0b-8fc3-452f-be53-600a87cd6060','4°niv','4403',2),
('COPC000501','4f607f0b-8fc3-452f-be53-600a87cd6060','4°niv','4404',2),
('COPC000502','4f607f0b-8fc3-452f-be53-600a87cd6060','4°niv','4405',2),
('COPC000503','4f607f0b-8fc3-452f-be53-600a87cd6060','4°niv','4406',2),
('COPC000504','4f607f0b-8fc3-452f-be53-600a87cd6060','4°niv','4407',2),
('COPC000505','4f607f0b-8fc3-452f-be53-600a87cd6060','4°niv','4408',2),
('COPC000506','4f607f0b-8fc3-452f-be53-600a87cd6060','4°niv','4409',2),
('COPC000507','4f607f0b-8fc3-452f-be53-600a87cd6060','4°niv','4410',2),
('COPC000508','4f607f0b-8fc3-452f-be53-600a87cd6060','4°niv','4411',2),
('COPC000509','4f607f0b-8fc3-452f-be53-600a87cd6060','4°niv','4412',2),
('COPC000510','4f607f0b-8fc3-452f-be53-600a87cd6060','4°niv','4413',2),
('COPC000511','4f607f0b-8fc3-452f-be53-600a87cd6060','4°niv','4414',2),
('COPC000512','4f607f0b-8fc3-452f-be53-600a87cd6060','4°niv','4415',2),
('COPC000513','4f607f0b-8fc3-452f-be53-600a87cd6060','4°niv','4416',2),
('COPC000514','4f607f0b-8fc3-452f-be53-600a87cd6060','4°niv','4417',2),
('COPC000515','4f607f0b-8fc3-452f-be53-600a87cd6060','4°niv','4418',2),
('COPC000516','4f607f0b-8fc3-452f-be53-600a87cd6060','4°niv','4419',2),
('COPC000517','4f607f0b-8fc3-452f-be53-600a87cd6060','4°niv','4420',2),
('COPC000518','4f607f0b-8fc3-452f-be53-600a87cd6060','4°niv','4421',2),
('COPC000519','4f607f0b-8fc3-452f-be53-600a87cd6060','4°niv','4422',2),
('COPC000520','4f607f0b-8fc3-452f-be53-600a87cd6060','4°niv','4423',2),
('COPC000521','4f607f0b-8fc3-452f-be53-600a87cd6060','4°niv','4424',2),
('COPC000522','4f607f0b-8fc3-452f-be53-600a87cd6060','4°niv','4425',2),
('COPC000523','4f607f0b-8fc3-452f-be53-600a87cd6060','4°niv','4426',2),
('COPC000524','4f607f0b-8fc3-452f-be53-600a87cd6060','4°niv','4427',2),
('COPC000525','4f607f0b-8fc3-452f-be53-600a87cd6060','5°niv','4501',2),
('COPC000526','4f607f0b-8fc3-452f-be53-600a87cd6060','5°niv','4502',2),
('COPC000527','4f607f0b-8fc3-452f-be53-600a87cd6060','5°niv','4503',2),
('COPC000528','4f607f0b-8fc3-452f-be53-600a87cd6060','5°niv','4504',2),
('COPC000529','4f607f0b-8fc3-452f-be53-600a87cd6060','5°niv','4505',2),
('COPC000530','4f607f0b-8fc3-452f-be53-600a87cd6060','5°niv','4506',2),
('COPC000531','4f607f0b-8fc3-452f-be53-600a87cd6060','5°niv','4507',2),
('COPC000532','4f607f0b-8fc3-452f-be53-600a87cd6060','5°niv','4508',2),
('COPC000533','4f607f0b-8fc3-452f-be53-600a87cd6060','5°niv','4509',2),
('COPC000534','4f607f0b-8fc3-452f-be53-600a87cd6060','5°niv','4510',2),
('COPC000535','4f607f0b-8fc3-452f-be53-600a87cd6060','5°niv','4511',2),
('COPC000536','4f607f0b-8fc3-452f-be53-600a87cd6060','5°niv','4512',2),
('COPC000537','4f607f0b-8fc3-452f-be53-600a87cd6060','5°niv','4513',2),
('COPC000538','4f607f0b-8fc3-452f-be53-600a87cd6060','5°niv','4514',2),
('COPC000539','4f607f0b-8fc3-452f-be53-600a87cd6060','5°niv','4515',1),
('COPC000540','4f607f0b-8fc3-452f-be53-600a87cd6060','5°niv','4516',2),
('COPC000541','4f607f0b-8fc3-452f-be53-600a87cd6060','5°niv','4517',2),
('COPC000542','4f607f0b-8fc3-452f-be53-600a87cd6060','5°niv','4518',2),
('COPC000543','4f607f0b-8fc3-452f-be53-600a87cd6060','5°niv','4519',2),
('COPC000544','4f607f0b-8fc3-452f-be53-600a87cd6060','5°niv','4520',2),
('COPC000545','4f607f0b-8fc3-452f-be53-600a87cd6060','5°niv','4521',2),
('COPC000546','4f607f0b-8fc3-452f-be53-600a87cd6060','5°niv','4522',2),
('COPC000547','4f607f0b-8fc3-452f-be53-600a87cd6060','5°niv','4523',2),
('COPC000548','4f607f0b-8fc3-452f-be53-600a87cd6060','5°niv','4524',2),
('COPC000549','4f607f0b-8fc3-452f-be53-600a87cd6060','5°niv','4525',2),
('COPC000550','4f607f0b-8fc3-452f-be53-600a87cd6060','5°niv','4526',2),
('COPC000551','4f607f0b-8fc3-452f-be53-600a87cd6060','5°niv','4527',2),
('COPC000552','4f607f0b-8fc3-452f-be53-600a87cd6060','6°niv','4601',2),
('COPC000553','4f607f0b-8fc3-452f-be53-600a87cd6060','6°niv','4602',2),
('COPC000554','4f607f0b-8fc3-452f-be53-600a87cd6060','6°niv','4603',2),
('COPC000555','4f607f0b-8fc3-452f-be53-600a87cd6060','6°niv','4604',2),
('COPC000556','4f607f0b-8fc3-452f-be53-600a87cd6060','6°niv','4605',2),
('COPC000557','4f607f0b-8fc3-452f-be53-600a87cd6060','6°niv','4606',2),
('COPC000558','4f607f0b-8fc3-452f-be53-600a87cd6060','6°niv','4607',2),
('COPC000559','4f607f0b-8fc3-452f-be53-600a87cd6060','6°niv','4608',2),
('COPC000560','4f607f0b-8fc3-452f-be53-600a87cd6060','6°niv','4609',2),
('COPC000561','4f607f0b-8fc3-452f-be53-600a87cd6060','6°niv','4610',2),
('COPC000562','4f607f0b-8fc3-452f-be53-600a87cd6060','6°niv','4611',2),
('COPC000563','4f607f0b-8fc3-452f-be53-600a87cd6060','6°niv','4612',2),
('COPC000564','4f607f0b-8fc3-452f-be53-600a87cd6060','6°niv','4613',2),
('COPC000565','4f607f0b-8fc3-452f-be53-600a87cd6060','6°niv','4614',2),
('COPC000566','4f607f0b-8fc3-452f-be53-600a87cd6060','6°niv','4615',2),
('COPC000567','4f607f0b-8fc3-452f-be53-600a87cd6060','6°niv','4616',2),
('COPC000568','4f607f0b-8fc3-452f-be53-600a87cd6060','6°niv','4617',2),
('COPC000569','4f607f0b-8fc3-452f-be53-600a87cd6060','6°niv','4618',2),
('COPC000570','4f607f0b-8fc3-452f-be53-600a87cd6060','6°niv','4619',2),
('COPC000571','4f607f0b-8fc3-452f-be53-600a87cd6060','6°niv','4620',2),
('COPC000572','4f607f0b-8fc3-452f-be53-600a87cd6060','6°niv','4621',2),
('COPC000573','4f607f0b-8fc3-452f-be53-600a87cd6060','6°niv','4622',2),
('COPC000574','4f607f0b-8fc3-452f-be53-600a87cd6060','6°niv','4623',2),
('COPC000575','4f607f0b-8fc3-452f-be53-600a87cd6060','6°niv','4624',2),
('COPC000576','4f607f0b-8fc3-452f-be53-600a87cd6060','6°niv','4625',2),
('COPC000577','4f607f0b-8fc3-452f-be53-600a87cd6060','6°niv','4626',2),
('COPC000578','4f607f0b-8fc3-452f-be53-600a87cd6060','6°niv','4627',2),
('COPC000579','27161c1c-71f6-4699-ab08-04009ed3e5a0','1°niv','5101',0),
('COPC000580','27161c1c-71f6-4699-ab08-04009ed3e5a0','1°niv','5102',2),
('COPC000581','27161c1c-71f6-4699-ab08-04009ed3e5a0','1°niv','5103',2),
('COPC000582','27161c1c-71f6-4699-ab08-04009ed3e5a0','1°niv','5104',2),
('COPC000583','27161c1c-71f6-4699-ab08-04009ed3e5a0','1°niv','5105',2),
('COPC000584','27161c1c-71f6-4699-ab08-04009ed3e5a0','1°niv','5106',2),
('COPC000585','27161c1c-71f6-4699-ab08-04009ed3e5a0','1°niv','5107',2),
('COPC000586','27161c1c-71f6-4699-ab08-04009ed3e5a0','1°niv','5108',2),
('COPC000587','27161c1c-71f6-4699-ab08-04009ed3e5a0','1°niv','5109',2),
('COPC000588','27161c1c-71f6-4699-ab08-04009ed3e5a0','1°niv','5110',2),
('COPC000589','27161c1c-71f6-4699-ab08-04009ed3e5a0','1°niv','5111',2),
('COPC000590','27161c1c-71f6-4699-ab08-04009ed3e5a0','1°niv','5112',2),
('COPC000591','27161c1c-71f6-4699-ab08-04009ed3e5a0','1°niv','5113',2),
('COPC000592','27161c1c-71f6-4699-ab08-04009ed3e5a0','1°niv','5114',2),
('COPC000593','27161c1c-71f6-4699-ab08-04009ed3e5a0','1°niv','5115',2),
('COPC000594','27161c1c-71f6-4699-ab08-04009ed3e5a0','1°niv','5116',2),
('COPC000595','27161c1c-71f6-4699-ab08-04009ed3e5a0','1°niv','5117',2),
('COPC000596','27161c1c-71f6-4699-ab08-04009ed3e5a0','1°niv','5118',2),
('COPC000597','27161c1c-71f6-4699-ab08-04009ed3e5a0','1°niv','5119',2),
('COPC000598','27161c1c-71f6-4699-ab08-04009ed3e5a0','1°niv','5120',2),
('COPC000599','27161c1c-71f6-4699-ab08-04009ed3e5a0','1°niv','5121',2),
('COPC000600','27161c1c-71f6-4699-ab08-04009ed3e5a0','2°niv','5201',2),
('COPC000601','27161c1c-71f6-4699-ab08-04009ed3e5a0','2°niv','5202',2),
('COPC000602','27161c1c-71f6-4699-ab08-04009ed3e5a0','2°niv','5203',2),
('COPC000603','27161c1c-71f6-4699-ab08-04009ed3e5a0','2°niv','5204',2),
('COPC000604','27161c1c-71f6-4699-ab08-04009ed3e5a0','2°niv','5205',2),
('COPC000605','27161c1c-71f6-4699-ab08-04009ed3e5a0','2°niv','5206',2),
('COPC000606','27161c1c-71f6-4699-ab08-04009ed3e5a0','2°niv','5207',2),
('COPC000607','27161c1c-71f6-4699-ab08-04009ed3e5a0','2°niv','5208',2),
('COPC000608','27161c1c-71f6-4699-ab08-04009ed3e5a0','2°niv','5209',2),
('COPC000609','27161c1c-71f6-4699-ab08-04009ed3e5a0','2°niv','5210',2),
('COPC000610','27161c1c-71f6-4699-ab08-04009ed3e5a0','2°niv','5211',2),
('COPC000611','27161c1c-71f6-4699-ab08-04009ed3e5a0','2°niv','5212',2),
('COPC000612','27161c1c-71f6-4699-ab08-04009ed3e5a0','2°niv','5213',2),
('COPC000613','27161c1c-71f6-4699-ab08-04009ed3e5a0','2°niv','5214',2),
('COPC000614','27161c1c-71f6-4699-ab08-04009ed3e5a0','2°niv','5215',2),
('COPC000615','27161c1c-71f6-4699-ab08-04009ed3e5a0','2°niv','5216',2),
('COPC000616','27161c1c-71f6-4699-ab08-04009ed3e5a0','2°niv','5217',2),
('COPC000617','27161c1c-71f6-4699-ab08-04009ed3e5a0','3°niv','5301',2),
('COPC000618','27161c1c-71f6-4699-ab08-04009ed3e5a0','3°niv','5302',2),
('COPC000619','27161c1c-71f6-4699-ab08-04009ed3e5a0','3°niv','5303',2),
('COPC000620','27161c1c-71f6-4699-ab08-04009ed3e5a0','3°niv','5304',2),
('COPC000621','27161c1c-71f6-4699-ab08-04009ed3e5a0','3°niv','5305',2),
('COPC000622','27161c1c-71f6-4699-ab08-04009ed3e5a0','3°niv','5306',2),
('COPC000623','27161c1c-71f6-4699-ab08-04009ed3e5a0','3°niv','5307',2),
('COPC000624','27161c1c-71f6-4699-ab08-04009ed3e5a0','3°niv','5308',2),
('COPC000625','27161c1c-71f6-4699-ab08-04009ed3e5a0','3°niv','5309',2),
('COPC000626','27161c1c-71f6-4699-ab08-04009ed3e5a0','3°niv','5310',2),
('COPC000627','27161c1c-71f6-4699-ab08-04009ed3e5a0','3°niv','5311',2),
('COPC000628','27161c1c-71f6-4699-ab08-04009ed3e5a0','3°niv','5312',2),
('COPC000629','27161c1c-71f6-4699-ab08-04009ed3e5a0','3°niv','5313',2),
('COPC000630','27161c1c-71f6-4699-ab08-04009ed3e5a0','3°niv','5314',2),
('COPC000631','27161c1c-71f6-4699-ab08-04009ed3e5a0','3°niv','5315',2),
('COPC000632','27161c1c-71f6-4699-ab08-04009ed3e5a0','3°niv','5316',2),
('COPC000633','27161c1c-71f6-4699-ab08-04009ed3e5a0','3°niv','5317',2),
('COPC000634','27161c1c-71f6-4699-ab08-04009ed3e5a0','3°niv','5318',2),
('COPC000635','27161c1c-71f6-4699-ab08-04009ed3e5a0','3°niv','5319',2),
('COPC000636','27161c1c-71f6-4699-ab08-04009ed3e5a0','3°niv','5320',2),
('COPC000637','27161c1c-71f6-4699-ab08-04009ed3e5a0','3°niv','5321',2),
('COPC000638','27161c1c-71f6-4699-ab08-04009ed3e5a0','3°niv','5322',2),
('COPC000639','27161c1c-71f6-4699-ab08-04009ed3e5a0','3°niv','5323',2),
('COPC000640','27161c1c-71f6-4699-ab08-04009ed3e5a0','3°niv','5324',2),
('COPC000641','27161c1c-71f6-4699-ab08-04009ed3e5a0','3°niv','5325',2),
('COPC000642','27161c1c-71f6-4699-ab08-04009ed3e5a0','3°niv','5326',2),
('COPC000643','27161c1c-71f6-4699-ab08-04009ed3e5a0','3°niv','5327',2),
('COPC000644','27161c1c-71f6-4699-ab08-04009ed3e5a0','3°niv','5328',2),
('COPC000645','27161c1c-71f6-4699-ab08-04009ed3e5a0','3°niv','5329',2),
('COPC000646','27161c1c-71f6-4699-ab08-04009ed3e5a0','4°niv','5401',2),
('COPC000647','27161c1c-71f6-4699-ab08-04009ed3e5a0','4°niv','5402',2),
('COPC000648','27161c1c-71f6-4699-ab08-04009ed3e5a0','4°niv','5403',2),
('COPC000649','27161c1c-71f6-4699-ab08-04009ed3e5a0','4°niv','5404',2),
('COPC000650','27161c1c-71f6-4699-ab08-04009ed3e5a0','4°niv','5405',2),
('COPC000651','27161c1c-71f6-4699-ab08-04009ed3e5a0','4°niv','5406',2),
('COPC000652','27161c1c-71f6-4699-ab08-04009ed3e5a0','4°niv','5407',2),
('COPC000653','27161c1c-71f6-4699-ab08-04009ed3e5a0','4°niv','5408',2),
('COPC000654','27161c1c-71f6-4699-ab08-04009ed3e5a0','4°niv','5409',2),
('COPC000655','27161c1c-71f6-4699-ab08-04009ed3e5a0','4°niv','5410',2),
('COPC000656','27161c1c-71f6-4699-ab08-04009ed3e5a0','4°niv','5411',2),
('COPC000657','27161c1c-71f6-4699-ab08-04009ed3e5a0','4°niv','5412',2),
('COPC000658','27161c1c-71f6-4699-ab08-04009ed3e5a0','4°niv','5413',1),
('COPC000659','27161c1c-71f6-4699-ab08-04009ed3e5a0','4°niv','5414',2),
('COPC000660','27161c1c-71f6-4699-ab08-04009ed3e5a0','4°niv','5415',2),
('COPC000661','27161c1c-71f6-4699-ab08-04009ed3e5a0','4°niv','5416',2),
('COPC000662','27161c1c-71f6-4699-ab08-04009ed3e5a0','4°niv','5417',2),
('COPC000663','27161c1c-71f6-4699-ab08-04009ed3e5a0','4°niv','5418',2),
('COPC000664','27161c1c-71f6-4699-ab08-04009ed3e5a0','4°niv','5419',2),
('COPC000665','27161c1c-71f6-4699-ab08-04009ed3e5a0','4°niv','5420',2),
('COPC000666','27161c1c-71f6-4699-ab08-04009ed3e5a0','4°niv','5421',2),
('COPC000667','27161c1c-71f6-4699-ab08-04009ed3e5a0','4°niv','5422',2),
('COPC000668','27161c1c-71f6-4699-ab08-04009ed3e5a0','4°niv','5423',2),
('COPC000669','27161c1c-71f6-4699-ab08-04009ed3e5a0','4°niv','5424',2),
('COPC000670','27161c1c-71f6-4699-ab08-04009ed3e5a0','4°niv','5425',2),
('COPC000671','27161c1c-71f6-4699-ab08-04009ed3e5a0','4°niv','5426',2),
('COPC000672','27161c1c-71f6-4699-ab08-04009ed3e5a0','4°niv','5427',2),
('COPC000673','27161c1c-71f6-4699-ab08-04009ed3e5a0','4°niv','5428',2),
('COPC000674','27161c1c-71f6-4699-ab08-04009ed3e5a0','4°niv','5429',2),
('COPC000675','27161c1c-71f6-4699-ab08-04009ed3e5a0','5°niv','5501',2),
('COPC000676','27161c1c-71f6-4699-ab08-04009ed3e5a0','5°niv','5502',2),
('COPC000677','27161c1c-71f6-4699-ab08-04009ed3e5a0','5°niv','5503',2),
('COPC000678','27161c1c-71f6-4699-ab08-04009ed3e5a0','5°niv','5504',2),
('COPC000679','27161c1c-71f6-4699-ab08-04009ed3e5a0','5°niv','5505',2),
('COPC000680','27161c1c-71f6-4699-ab08-04009ed3e5a0','5°niv','5506',2),
('COPC000681','27161c1c-71f6-4699-ab08-04009ed3e5a0','5°niv','5507',2),
('COPC000682','27161c1c-71f6-4699-ab08-04009ed3e5a0','5°niv','5508',2),
('COPC000683','27161c1c-71f6-4699-ab08-04009ed3e5a0','5°niv','5509',2),
('COPC000684','27161c1c-71f6-4699-ab08-04009ed3e5a0','5°niv','5510',2),
('COPC000685','27161c1c-71f6-4699-ab08-04009ed3e5a0','5°niv','5511',2),
('COPC000686','27161c1c-71f6-4699-ab08-04009ed3e5a0','5°niv','5512',2),
('COPC000687','27161c1c-71f6-4699-ab08-04009ed3e5a0','5°niv','5513',2),
('COPC000688','27161c1c-71f6-4699-ab08-04009ed3e5a0','5°niv','5514',2),
('COPC000689','27161c1c-71f6-4699-ab08-04009ed3e5a0','5°niv','5515',2),
('COPC000690','27161c1c-71f6-4699-ab08-04009ed3e5a0','5°niv','5516',2),
('COPC000691','27161c1c-71f6-4699-ab08-04009ed3e5a0','5°niv','5517',2),
('COPC000692','27161c1c-71f6-4699-ab08-04009ed3e5a0','5°niv','5518',2),
('COPC000693','27161c1c-71f6-4699-ab08-04009ed3e5a0','5°niv','5519',2),
('COPC000694','27161c1c-71f6-4699-ab08-04009ed3e5a0','5°niv','5520',2),
('COPC000695','27161c1c-71f6-4699-ab08-04009ed3e5a0','5°niv','5521',2),
('COPC000696','27161c1c-71f6-4699-ab08-04009ed3e5a0','5°niv','5522',2),
('COPC000697','27161c1c-71f6-4699-ab08-04009ed3e5a0','5°niv','5523',2),
('COPC000698','27161c1c-71f6-4699-ab08-04009ed3e5a0','5°niv','5524',2),
('COPC000699','27161c1c-71f6-4699-ab08-04009ed3e5a0','5°niv','5525',2),
('COPC000700','27161c1c-71f6-4699-ab08-04009ed3e5a0','5°niv','5526',2),
('COPC000701','27161c1c-71f6-4699-ab08-04009ed3e5a0','5°niv','5527',2),
('COPC000702','27161c1c-71f6-4699-ab08-04009ed3e5a0','5°niv','5528',2),
('COPC000703','27161c1c-71f6-4699-ab08-04009ed3e5a0','5°niv','5529',2),
('COPC000704','27161c1c-71f6-4699-ab08-04009ed3e5a0','6°niv','5601',2),
('COPC000705','27161c1c-71f6-4699-ab08-04009ed3e5a0','6°niv','5602',2),
('COPC000706','27161c1c-71f6-4699-ab08-04009ed3e5a0','6°niv','5603',2),
('COPC000707','27161c1c-71f6-4699-ab08-04009ed3e5a0','6°niv','5604',2),
('COPC000708','27161c1c-71f6-4699-ab08-04009ed3e5a0','6°niv','5605',2),
('COPC000709','27161c1c-71f6-4699-ab08-04009ed3e5a0','6°niv','5606',2),
('COPC000710','27161c1c-71f6-4699-ab08-04009ed3e5a0','6°niv','5607',2),
('COPC000711','27161c1c-71f6-4699-ab08-04009ed3e5a0','6°niv','5608',2),
('COPC000712','27161c1c-71f6-4699-ab08-04009ed3e5a0','6°niv','5609',2),
('COPC000713','27161c1c-71f6-4699-ab08-04009ed3e5a0','6°niv','5610',2),
('COPC000714','27161c1c-71f6-4699-ab08-04009ed3e5a0','6°niv','5611',2),
('COPC000715','27161c1c-71f6-4699-ab08-04009ed3e5a0','6°niv','5612',2),
('COPC000716','27161c1c-71f6-4699-ab08-04009ed3e5a0','6°niv','5613',2),
('COPC000717','27161c1c-71f6-4699-ab08-04009ed3e5a0','6°niv','5614',2),
('COPC000718','27161c1c-71f6-4699-ab08-04009ed3e5a0','6°niv','5615',2),
('COPC000719','27161c1c-71f6-4699-ab08-04009ed3e5a0','6°niv','5616',2),
('COPC000720','27161c1c-71f6-4699-ab08-04009ed3e5a0','6°niv','5617',2),
('COPC000721','27161c1c-71f6-4699-ab08-04009ed3e5a0','6°niv','5618',2),
('COPC000722','27161c1c-71f6-4699-ab08-04009ed3e5a0','6°niv','5619',2),
('COPC000723','27161c1c-71f6-4699-ab08-04009ed3e5a0','6°niv','5620',2),
('COPC000724','27161c1c-71f6-4699-ab08-04009ed3e5a0','6°niv','5621',2),
('COPC000725','27161c1c-71f6-4699-ab08-04009ed3e5a0','6°niv','5622',2),
('COPC000726','27161c1c-71f6-4699-ab08-04009ed3e5a0','6°niv','5623',2),
('COPC000727','27161c1c-71f6-4699-ab08-04009ed3e5a0','6°niv','5624',2),
('COPC000728','27161c1c-71f6-4699-ab08-04009ed3e5a0','6°niv','5625',2),
('COPC000729','27161c1c-71f6-4699-ab08-04009ed3e5a0','6°niv','5626',2),
('COPC000730','27161c1c-71f6-4699-ab08-04009ed3e5a0','6°niv','5627',2),
('COPC000731','27161c1c-71f6-4699-ab08-04009ed3e5a0','6°niv','5628',2),
('COPC000732','27161c1c-71f6-4699-ab08-04009ed3e5a0','6°niv','5629',2),
('COPC000733','a3617e13-4f5d-4dd4-89df-d047358f68d5','1°niv','6101',2),
('COPC000734','a3617e13-4f5d-4dd4-89df-d047358f68d5','1°niv','6102',2),
('COPC000735','a3617e13-4f5d-4dd4-89df-d047358f68d5','1°niv','6103',2),
('COPC000736','a3617e13-4f5d-4dd4-89df-d047358f68d5','1°niv','6104',2),
('COPC000737','a3617e13-4f5d-4dd4-89df-d047358f68d5','1°niv','6105',2),
('COPC000738','a3617e13-4f5d-4dd4-89df-d047358f68d5','1°niv','6106',2),
('COPC000739','a3617e13-4f5d-4dd4-89df-d047358f68d5','1°niv','6107',2),
('COPC000740','a3617e13-4f5d-4dd4-89df-d047358f68d5','1°niv','6108',2),
('COPC000741','a3617e13-4f5d-4dd4-89df-d047358f68d5','1°niv','6109',2),
('COPC000742','a3617e13-4f5d-4dd4-89df-d047358f68d5','1°niv','6110',1),
('COPC000743','a3617e13-4f5d-4dd4-89df-d047358f68d5','1°niv','6111',2),
('COPC000744','a3617e13-4f5d-4dd4-89df-d047358f68d5','1°niv','6112',2),
('COPC000745','a3617e13-4f5d-4dd4-89df-d047358f68d5','1°niv','6113',2),
('COPC000746','a3617e13-4f5d-4dd4-89df-d047358f68d5','1°niv','6114',2),
('COPC000747','a3617e13-4f5d-4dd4-89df-d047358f68d5','1°niv','6115',2),
('COPC000748','a3617e13-4f5d-4dd4-89df-d047358f68d5','1°niv','6116',2),
('COPC000749','a3617e13-4f5d-4dd4-89df-d047358f68d5','1°niv','6117',2),
('COPC000750','a3617e13-4f5d-4dd4-89df-d047358f68d5','1°niv','6118',2),
('COPC000751','a3617e13-4f5d-4dd4-89df-d047358f68d5','1°niv','6120',2),
('COPC000752','a3617e13-4f5d-4dd4-89df-d047358f68d5','1°niv','6121',2),
('COPC000753','a3617e13-4f5d-4dd4-89df-d047358f68d5','2°niv','6201',2),
('COPC000754','a3617e13-4f5d-4dd4-89df-d047358f68d5','2°niv','6202',2),
('COPC000755','a3617e13-4f5d-4dd4-89df-d047358f68d5','2°niv','6203',2),
('COPC000756','a3617e13-4f5d-4dd4-89df-d047358f68d5','2°niv','6204',2),
('COPC000757','a3617e13-4f5d-4dd4-89df-d047358f68d5','2°niv','6205',2),
('COPC000758','a3617e13-4f5d-4dd4-89df-d047358f68d5','2°niv','6206',2),
('COPC000759','a3617e13-4f5d-4dd4-89df-d047358f68d5','2°niv','6207',2),
('COPC000760','a3617e13-4f5d-4dd4-89df-d047358f68d5','2°niv','6208',2),
('COPC000761','a3617e13-4f5d-4dd4-89df-d047358f68d5','2°niv','6209',2),
('COPC000762','a3617e13-4f5d-4dd4-89df-d047358f68d5','2°niv','6210',2),
('COPC000763','a3617e13-4f5d-4dd4-89df-d047358f68d5','2°niv','6211',2),
('COPC000764','a3617e13-4f5d-4dd4-89df-d047358f68d5','2°niv','6212',2),
('COPC000765','a3617e13-4f5d-4dd4-89df-d047358f68d5','2°niv','6213',2),
('COPC000766','a3617e13-4f5d-4dd4-89df-d047358f68d5','2°niv','6214',2),
('COPC000767','a3617e13-4f5d-4dd4-89df-d047358f68d5','2°niv','6215',2),
('COPC000768','a3617e13-4f5d-4dd4-89df-d047358f68d5','2°niv','6216',2),
('COPC000769','a3617e13-4f5d-4dd4-89df-d047358f68d5','2°niv','6217',2),
('COPC000770','a3617e13-4f5d-4dd4-89df-d047358f68d5','3°niv','6301',2),
('COPC000771','a3617e13-4f5d-4dd4-89df-d047358f68d5','3°niv','6302',2),
('COPC000772','a3617e13-4f5d-4dd4-89df-d047358f68d5','3°niv','6303',1),
('COPC000773','a3617e13-4f5d-4dd4-89df-d047358f68d5','3°niv','6304',2),
('COPC000774','a3617e13-4f5d-4dd4-89df-d047358f68d5','3°niv','6305',2),
('COPC000775','a3617e13-4f5d-4dd4-89df-d047358f68d5','3°niv','6306',2),
('COPC000776','a3617e13-4f5d-4dd4-89df-d047358f68d5','3°niv','6307',2),
('COPC000777','a3617e13-4f5d-4dd4-89df-d047358f68d5','3°niv','6308',2),
('COPC000778','a3617e13-4f5d-4dd4-89df-d047358f68d5','3°niv','6309',2),
('COPC000779','a3617e13-4f5d-4dd4-89df-d047358f68d5','3°niv','6310',2),
('COPC000780','a3617e13-4f5d-4dd4-89df-d047358f68d5','3°niv','6311',2),
('COPC000781','a3617e13-4f5d-4dd4-89df-d047358f68d5','3°niv','6312',2),
('COPC000782','a3617e13-4f5d-4dd4-89df-d047358f68d5','3°niv','6313',2),
('COPC000783','a3617e13-4f5d-4dd4-89df-d047358f68d5','3°niv','6314',2),
('COPC000784','a3617e13-4f5d-4dd4-89df-d047358f68d5','3°niv','6315',2),
('COPC000785','a3617e13-4f5d-4dd4-89df-d047358f68d5','3°niv','6316',2),
('COPC000786','a3617e13-4f5d-4dd4-89df-d047358f68d5','3°niv','6317',2),
('COPC000787','a3617e13-4f5d-4dd4-89df-d047358f68d5','3°niv','6318',2),
('COPC000788','a3617e13-4f5d-4dd4-89df-d047358f68d5','3°niv','6319',2),
('COPC000789','a3617e13-4f5d-4dd4-89df-d047358f68d5','3°niv','6320',2),
('COPC000790','a3617e13-4f5d-4dd4-89df-d047358f68d5','3°niv','6321',2),
('COPC000791','a3617e13-4f5d-4dd4-89df-d047358f68d5','3°niv','6322',2),
('COPC000792','a3617e13-4f5d-4dd4-89df-d047358f68d5','3°niv','6323',2),
('COPC000793','a3617e13-4f5d-4dd4-89df-d047358f68d5','3°niv','6324',2),
('COPC000794','a3617e13-4f5d-4dd4-89df-d047358f68d5','3°niv','6325',2),
('COPC000795','a3617e13-4f5d-4dd4-89df-d047358f68d5','3°niv','6326',2),
('COPC000796','a3617e13-4f5d-4dd4-89df-d047358f68d5','3°niv','6327',2),
('COPC000797','a3617e13-4f5d-4dd4-89df-d047358f68d5','3°niv','6328',2),
('COPC000798','a3617e13-4f5d-4dd4-89df-d047358f68d5','3°niv','6329',2),
('COPC000799','a3617e13-4f5d-4dd4-89df-d047358f68d5','4°niv','6401',2),
('COPC000800','a3617e13-4f5d-4dd4-89df-d047358f68d5','4°niv','6402',2),
('COPC000801','a3617e13-4f5d-4dd4-89df-d047358f68d5','4°niv','6403',2),
('COPC000802','a3617e13-4f5d-4dd4-89df-d047358f68d5','4°niv','6404',2),
('COPC000803','a3617e13-4f5d-4dd4-89df-d047358f68d5','4°niv','6405',2),
('COPC000804','a3617e13-4f5d-4dd4-89df-d047358f68d5','4°niv','6406',2),
('COPC000805','a3617e13-4f5d-4dd4-89df-d047358f68d5','4°niv','6407',2),
('COPC000806','a3617e13-4f5d-4dd4-89df-d047358f68d5','4°niv','6408',2),
('COPC000807','a3617e13-4f5d-4dd4-89df-d047358f68d5','4°niv','6409',2),
('COPC000808','a3617e13-4f5d-4dd4-89df-d047358f68d5','4°niv','6410',2),
('COPC000809','a3617e13-4f5d-4dd4-89df-d047358f68d5','4°niv','6411',2),
('COPC000810','a3617e13-4f5d-4dd4-89df-d047358f68d5','4°niv','6412',2),
('COPC000811','a3617e13-4f5d-4dd4-89df-d047358f68d5','4°niv','6413',2),
('COPC000812','a3617e13-4f5d-4dd4-89df-d047358f68d5','4°niv','6414',2),
('COPC000813','a3617e13-4f5d-4dd4-89df-d047358f68d5','4°niv','6415',2),
('COPC000814','a3617e13-4f5d-4dd4-89df-d047358f68d5','4°niv','6416',2),
('COPC000815','a3617e13-4f5d-4dd4-89df-d047358f68d5','4°niv','6417',2),
('COPC000816','a3617e13-4f5d-4dd4-89df-d047358f68d5','4°niv','6418',2),
('COPC000817','a3617e13-4f5d-4dd4-89df-d047358f68d5','4°niv','6419',2),
('COPC000818','a3617e13-4f5d-4dd4-89df-d047358f68d5','4°niv','6420',2),
('COPC000819','a3617e13-4f5d-4dd4-89df-d047358f68d5','4°niv','6421',2),
('COPC000820','a3617e13-4f5d-4dd4-89df-d047358f68d5','4°niv','6422',2),
('COPC000821','a3617e13-4f5d-4dd4-89df-d047358f68d5','4°niv','6423',2),
('COPC000822','a3617e13-4f5d-4dd4-89df-d047358f68d5','4°niv','6424',2),
('COPC000823','a3617e13-4f5d-4dd4-89df-d047358f68d5','4°niv','6425',2),
('COPC000824','a3617e13-4f5d-4dd4-89df-d047358f68d5','4°niv','6426',2),
('COPC000825','a3617e13-4f5d-4dd4-89df-d047358f68d5','4°niv','6427',2),
('COPC000826','a3617e13-4f5d-4dd4-89df-d047358f68d5','4°niv','6428',2),
('COPC000827','a3617e13-4f5d-4dd4-89df-d047358f68d5','4°niv','6429',2),
('COPC000828','a3617e13-4f5d-4dd4-89df-d047358f68d5','5°niv','6501',2),
('COPC000829','a3617e13-4f5d-4dd4-89df-d047358f68d5','5°niv','6502',2),
('COPC000830','a3617e13-4f5d-4dd4-89df-d047358f68d5','5°niv','6503',2),
('COPC000831','a3617e13-4f5d-4dd4-89df-d047358f68d5','5°niv','6504',2),
('COPC000832','a3617e13-4f5d-4dd4-89df-d047358f68d5','5°niv','6505',2),
('COPC000833','a3617e13-4f5d-4dd4-89df-d047358f68d5','5°niv','6506',2),
('COPC000834','a3617e13-4f5d-4dd4-89df-d047358f68d5','5°niv','6507',2),
('COPC000835','a3617e13-4f5d-4dd4-89df-d047358f68d5','5°niv','6508',2),
('COPC000836','a3617e13-4f5d-4dd4-89df-d047358f68d5','5°niv','6509',2),
('COPC000837','a3617e13-4f5d-4dd4-89df-d047358f68d5','5°niv','6510',2),
('COPC000838','a3617e13-4f5d-4dd4-89df-d047358f68d5','5°niv','6511',2),
('COPC000839','a3617e13-4f5d-4dd4-89df-d047358f68d5','5°niv','6512',2),
('COPC000840','a3617e13-4f5d-4dd4-89df-d047358f68d5','5°niv','6513',2),
('COPC000841','a3617e13-4f5d-4dd4-89df-d047358f68d5','5°niv','6514',2),
('COPC000842','a3617e13-4f5d-4dd4-89df-d047358f68d5','5°niv','6515',2),
('COPC000843','a3617e13-4f5d-4dd4-89df-d047358f68d5','5°niv','6516',2),
('COPC000844','a3617e13-4f5d-4dd4-89df-d047358f68d5','5°niv','6517',2),
('COPC000845','a3617e13-4f5d-4dd4-89df-d047358f68d5','5°niv','6518',2),
('COPC000846','a3617e13-4f5d-4dd4-89df-d047358f68d5','5°niv','6519',2),
('COPC000847','a3617e13-4f5d-4dd4-89df-d047358f68d5','5°niv','6520',2),
('COPC000848','a3617e13-4f5d-4dd4-89df-d047358f68d5','5°niv','6521',2),
('COPC000849','a3617e13-4f5d-4dd4-89df-d047358f68d5','5°niv','6522',2),
('COPC000850','a3617e13-4f5d-4dd4-89df-d047358f68d5','5°niv','6523',2),
('COPC000851','a3617e13-4f5d-4dd4-89df-d047358f68d5','5°niv','6524',2),
('COPC000852','a3617e13-4f5d-4dd4-89df-d047358f68d5','5°niv','6525',2),
('COPC000853','a3617e13-4f5d-4dd4-89df-d047358f68d5','5°niv','6526',2),
('COPC000854','a3617e13-4f5d-4dd4-89df-d047358f68d5','5°niv','6527',2),
('COPC000855','a3617e13-4f5d-4dd4-89df-d047358f68d5','5°niv','6528',2),
('COPC000856','a3617e13-4f5d-4dd4-89df-d047358f68d5','5°niv','6529',2),
('COPC000857','a3617e13-4f5d-4dd4-89df-d047358f68d5','6°niv','6601',2),
('COPC000858','a3617e13-4f5d-4dd4-89df-d047358f68d5','6°niv','6602',2),
('COPC000859','a3617e13-4f5d-4dd4-89df-d047358f68d5','6°niv','6603',2),
('COPC000860','a3617e13-4f5d-4dd4-89df-d047358f68d5','6°niv','6604',2),
('COPC000861','a3617e13-4f5d-4dd4-89df-d047358f68d5','6°niv','6605',2),
('COPC000862','a3617e13-4f5d-4dd4-89df-d047358f68d5','6°niv','6606',2),
('COPC000863','a3617e13-4f5d-4dd4-89df-d047358f68d5','6°niv','6607',2),
('COPC000864','a3617e13-4f5d-4dd4-89df-d047358f68d5','6°niv','6608',2),
('COPC000865','a3617e13-4f5d-4dd4-89df-d047358f68d5','6°niv','6609',2),
('COPC000866','a3617e13-4f5d-4dd4-89df-d047358f68d5','6°niv','6610',2),
('COPC000867','a3617e13-4f5d-4dd4-89df-d047358f68d5','6°niv','6611',2),
('COPC000868','a3617e13-4f5d-4dd4-89df-d047358f68d5','6°niv','6612',2),
('COPC000869','a3617e13-4f5d-4dd4-89df-d047358f68d5','6°niv','6613',2),
('COPC000870','a3617e13-4f5d-4dd4-89df-d047358f68d5','6°niv','6614',1),
('COPC000871','a3617e13-4f5d-4dd4-89df-d047358f68d5','6°niv','6615',2),
('COPC000872','a3617e13-4f5d-4dd4-89df-d047358f68d5','6°niv','6616',2),
('COPC000873','a3617e13-4f5d-4dd4-89df-d047358f68d5','6°niv','6617',2),
('COPC000874','a3617e13-4f5d-4dd4-89df-d047358f68d5','6°niv','6618',2),
('COPC000875','a3617e13-4f5d-4dd4-89df-d047358f68d5','6°niv','6619',2),
('COPC000876','a3617e13-4f5d-4dd4-89df-d047358f68d5','6°niv','6620',2),
('COPC000877','a3617e13-4f5d-4dd4-89df-d047358f68d5','6°niv','6621',2),
('COPC000878','a3617e13-4f5d-4dd4-89df-d047358f68d5','6°niv','6622',2),
('COPC000879','a3617e13-4f5d-4dd4-89df-d047358f68d5','6°niv','6623',2),
('COPC000880','a3617e13-4f5d-4dd4-89df-d047358f68d5','6°niv','6624',2),
('COPC000881','a3617e13-4f5d-4dd4-89df-d047358f68d5','6°niv','6625',2),
('COPC000882','a3617e13-4f5d-4dd4-89df-d047358f68d5','6°niv','6626',2),
('COPC000883','a3617e13-4f5d-4dd4-89df-d047358f68d5','6°niv','6627',2),
('COPC000884','a3617e13-4f5d-4dd4-89df-d047358f68d5','6°niv','6628',1),
('COPC000885','a3617e13-4f5d-4dd4-89df-d047358f68d5','6°niv','6629',2),
('COPC000886','e77ad068-8254-4e13-b5be-2cda97ea9e28','1°niv','7101',2),
('COPC000887','e77ad068-8254-4e13-b5be-2cda97ea9e28','1°niv','7102',2),
('COPC000888','e77ad068-8254-4e13-b5be-2cda97ea9e28','1°niv','7103',2),
('COPC000889','e77ad068-8254-4e13-b5be-2cda97ea9e28','1°niv','7104',2),
('COPC000890','e77ad068-8254-4e13-b5be-2cda97ea9e28','1°niv','7105',2),
('COPC000891','e77ad068-8254-4e13-b5be-2cda97ea9e28','1°niv','7106',2),
('COPC000892','e77ad068-8254-4e13-b5be-2cda97ea9e28','1°niv','7107',2),
('COPC000893','e77ad068-8254-4e13-b5be-2cda97ea9e28','1°niv','7108',2),
('COPC000894','e77ad068-8254-4e13-b5be-2cda97ea9e28','1°niv','7109',2),
('COPC000895','e77ad068-8254-4e13-b5be-2cda97ea9e28','1°niv','7110',2),
('COPC000896','e77ad068-8254-4e13-b5be-2cda97ea9e28','1°niv','7111',2),
('COPC000897','e77ad068-8254-4e13-b5be-2cda97ea9e28','1°niv','7112',2),
('COPC000898','e77ad068-8254-4e13-b5be-2cda97ea9e28','1°niv','7113',2),
('COPC000899','e77ad068-8254-4e13-b5be-2cda97ea9e28','1°niv','7114',2),
('COPC000900','e77ad068-8254-4e13-b5be-2cda97ea9e28','1°niv','7115',2),
('COPC000901','e77ad068-8254-4e13-b5be-2cda97ea9e28','1°niv','7116',2),
('COPC000902','e77ad068-8254-4e13-b5be-2cda97ea9e28','1°niv','7117',2),
('COPC000903','e77ad068-8254-4e13-b5be-2cda97ea9e28','1°niv','7118',2),
('COPC000904','e77ad068-8254-4e13-b5be-2cda97ea9e28','1°niv','7119',2),
('COPC000905','e77ad068-8254-4e13-b5be-2cda97ea9e28','1°niv','7120',2),
('COPC000906','e77ad068-8254-4e13-b5be-2cda97ea9e28','1°niv','7121',2),
('COPC000907','e77ad068-8254-4e13-b5be-2cda97ea9e28','2°niv','7201',2),
('COPC000908','e77ad068-8254-4e13-b5be-2cda97ea9e28','2°niv','7202',2),
('COPC000909','e77ad068-8254-4e13-b5be-2cda97ea9e28','2°niv','7203',2),
('COPC000910','e77ad068-8254-4e13-b5be-2cda97ea9e28','2°niv','7204',2),
('COPC000911','e77ad068-8254-4e13-b5be-2cda97ea9e28','2°niv','7205',2),
('COPC000912','e77ad068-8254-4e13-b5be-2cda97ea9e28','2°niv','7206',2),
('COPC000913','e77ad068-8254-4e13-b5be-2cda97ea9e28','2°niv','7207',2),
('COPC000914','e77ad068-8254-4e13-b5be-2cda97ea9e28','2°niv','7208',2),
('COPC000915','e77ad068-8254-4e13-b5be-2cda97ea9e28','2°niv','7209',2),
('COPC000916','e77ad068-8254-4e13-b5be-2cda97ea9e28','2°niv','7210',2),
('COPC000917','e77ad068-8254-4e13-b5be-2cda97ea9e28','2°niv','7211',2),
('COPC000918','e77ad068-8254-4e13-b5be-2cda97ea9e28','2°niv','7212',2),
('COPC000919','e77ad068-8254-4e13-b5be-2cda97ea9e28','2°niv','7213',2),
('COPC000920','e77ad068-8254-4e13-b5be-2cda97ea9e28','2°niv','7214',2),
('COPC000921','e77ad068-8254-4e13-b5be-2cda97ea9e28','2°niv','7215',2),
('COPC000922','e77ad068-8254-4e13-b5be-2cda97ea9e28','2°niv','7216',2),
('COPC000923','e77ad068-8254-4e13-b5be-2cda97ea9e28','2°niv','7217',2),
('COPC000924','e77ad068-8254-4e13-b5be-2cda97ea9e28','2°niv','7218',2),
('COPC000925','e77ad068-8254-4e13-b5be-2cda97ea9e28','2°niv','7219',2),
('COPC000926','e77ad068-8254-4e13-b5be-2cda97ea9e28','2°niv','7220',2),
('COPC000927','e77ad068-8254-4e13-b5be-2cda97ea9e28','2°niv','7221',2),
('COPC000928','e77ad068-8254-4e13-b5be-2cda97ea9e28','2°niv','7222',2),
('COPC000929','e77ad068-8254-4e13-b5be-2cda97ea9e28','2°niv','7223',2),
('COPC000930','e77ad068-8254-4e13-b5be-2cda97ea9e28','2°niv','7224',2),
('COPC000931','e77ad068-8254-4e13-b5be-2cda97ea9e28','2°niv','7225',2),
('COPC000932','e77ad068-8254-4e13-b5be-2cda97ea9e28','2°niv','7226',2),
('COPC000933','e77ad068-8254-4e13-b5be-2cda97ea9e28','2°niv','7227',2),
('COPC000934','e77ad068-8254-4e13-b5be-2cda97ea9e28','2°niv','7228',2),
('COPC000935','e77ad068-8254-4e13-b5be-2cda97ea9e28','2°niv','7229',2),
('COPC000936','e77ad068-8254-4e13-b5be-2cda97ea9e28','2°niv','7230',2),
('COPC000937','e77ad068-8254-4e13-b5be-2cda97ea9e28','2°niv','7231',2),
('COPC000938','e77ad068-8254-4e13-b5be-2cda97ea9e28','2°niv','7232',2),
('COPC000939','e77ad068-8254-4e13-b5be-2cda97ea9e28','2°niv','7233',2),
('COPC000940','e77ad068-8254-4e13-b5be-2cda97ea9e28','3°niv','7301',2),
('COPC000941','e77ad068-8254-4e13-b5be-2cda97ea9e28','3°niv','7302',2),
('COPC000942','e77ad068-8254-4e13-b5be-2cda97ea9e28','3°niv','7303',2),
('COPC000943','e77ad068-8254-4e13-b5be-2cda97ea9e28','3°niv','7304',2),
('COPC000944','e77ad068-8254-4e13-b5be-2cda97ea9e28','3°niv','7305',2),
('COPC000945','e77ad068-8254-4e13-b5be-2cda97ea9e28','3°niv','7306',2),
('COPC000946','e77ad068-8254-4e13-b5be-2cda97ea9e28','3°niv','7307',2),
('COPC000947','e77ad068-8254-4e13-b5be-2cda97ea9e28','3°niv','7308',2),
('COPC000948','e77ad068-8254-4e13-b5be-2cda97ea9e28','3°niv','7309',2),
('COPC000949','e77ad068-8254-4e13-b5be-2cda97ea9e28','3°niv','7310',2),
('COPC000950','e77ad068-8254-4e13-b5be-2cda97ea9e28','3°niv','7311',2),
('COPC000951','e77ad068-8254-4e13-b5be-2cda97ea9e28','3°niv','7312',2),
('COPC000952','e77ad068-8254-4e13-b5be-2cda97ea9e28','3°niv','7313',2),
('COPC000953','e77ad068-8254-4e13-b5be-2cda97ea9e28','3°niv','7314',2),
('COPC000954','e77ad068-8254-4e13-b5be-2cda97ea9e28','3°niv','7315',2),
('COPC000955','e77ad068-8254-4e13-b5be-2cda97ea9e28','3°niv','7316',2),
('COPC000956','e77ad068-8254-4e13-b5be-2cda97ea9e28','3°niv','7317',2),
('COPC000957','e77ad068-8254-4e13-b5be-2cda97ea9e28','3°niv','7318',2),
('COPC000958','e77ad068-8254-4e13-b5be-2cda97ea9e28','3°niv','7319',2),
('COPC000959','e77ad068-8254-4e13-b5be-2cda97ea9e28','3°niv','7320',2),
('COPC000960','e77ad068-8254-4e13-b5be-2cda97ea9e28','3°niv','7321',2),
('COPC000961','e77ad068-8254-4e13-b5be-2cda97ea9e28','3°niv','7322',2),
('COPC000962','e77ad068-8254-4e13-b5be-2cda97ea9e28','3°niv','7323',2),
('COPC000963','e77ad068-8254-4e13-b5be-2cda97ea9e28','3°niv','7324',2),
('COPC000964','e77ad068-8254-4e13-b5be-2cda97ea9e28','3°niv','7325',2),
('COPC000965','e77ad068-8254-4e13-b5be-2cda97ea9e28','3°niv','7326',2),
('COPC000966','e77ad068-8254-4e13-b5be-2cda97ea9e28','3°niv','7327',2),
('COPC000967','e77ad068-8254-4e13-b5be-2cda97ea9e28','3°niv','7328',2),
('COPC000968','e77ad068-8254-4e13-b5be-2cda97ea9e28','3°niv','7329',2),
('COPC000969','e77ad068-8254-4e13-b5be-2cda97ea9e28','3°niv','7330',2),
('COPC000970','e77ad068-8254-4e13-b5be-2cda97ea9e28','3°niv','7331',2),
('COPC000971','e77ad068-8254-4e13-b5be-2cda97ea9e28','3°niv','7332',2),
('COPC000972','e77ad068-8254-4e13-b5be-2cda97ea9e28','3°niv','7333',2),
('COPC000973','e77ad068-8254-4e13-b5be-2cda97ea9e28','3°niv','7334',2),
('COPC000974','e77ad068-8254-4e13-b5be-2cda97ea9e28','3°niv','7335',2),
('COPC000975','e77ad068-8254-4e13-b5be-2cda97ea9e28','4°niv','7401',2),
('COPC000976','e77ad068-8254-4e13-b5be-2cda97ea9e28','4°niv','7402',2),
('COPC000977','e77ad068-8254-4e13-b5be-2cda97ea9e28','4°niv','7403',2),
('COPC000978','e77ad068-8254-4e13-b5be-2cda97ea9e28','4°niv','7404',2),
('COPC000979','e77ad068-8254-4e13-b5be-2cda97ea9e28','4°niv','7405',2),
('COPC000980','e77ad068-8254-4e13-b5be-2cda97ea9e28','4°niv','7406',2),
('COPC000981','e77ad068-8254-4e13-b5be-2cda97ea9e28','4°niv','7407',2),
('COPC000982','e77ad068-8254-4e13-b5be-2cda97ea9e28','4°niv','7408',2),
('COPC000983','e77ad068-8254-4e13-b5be-2cda97ea9e28','4°niv','7409',2),
('COPC000984','e77ad068-8254-4e13-b5be-2cda97ea9e28','4°niv','7410',2),
('COPC000985','e77ad068-8254-4e13-b5be-2cda97ea9e28','4°niv','7411',2),
('COPC000986','e77ad068-8254-4e13-b5be-2cda97ea9e28','4°niv','7412',2),
('COPC000987','e77ad068-8254-4e13-b5be-2cda97ea9e28','4°niv','7413',2),
('COPC000988','e77ad068-8254-4e13-b5be-2cda97ea9e28','4°niv','7414',2),
('COPC000989','e77ad068-8254-4e13-b5be-2cda97ea9e28','4°niv','7415',2),
('COPC000990','e77ad068-8254-4e13-b5be-2cda97ea9e28','4°niv','7416',2),
('COPC000991','e77ad068-8254-4e13-b5be-2cda97ea9e28','4°niv','7417',2),
('COPC000992','e77ad068-8254-4e13-b5be-2cda97ea9e28','4°niv','7418',2),
('COPC000993','e77ad068-8254-4e13-b5be-2cda97ea9e28','4°niv','7419',2),
('COPC000994','e77ad068-8254-4e13-b5be-2cda97ea9e28','4°niv','7420',2),
('COPC000995','e77ad068-8254-4e13-b5be-2cda97ea9e28','4°niv','7421',2),
('COPC000996','e77ad068-8254-4e13-b5be-2cda97ea9e28','4°niv','7422',2),
('COPC000997','e77ad068-8254-4e13-b5be-2cda97ea9e28','4°niv','7423',2),
('COPC000998','e77ad068-8254-4e13-b5be-2cda97ea9e28','4°niv','7424',2),
('COPC000999','e77ad068-8254-4e13-b5be-2cda97ea9e28','4°niv','7425',2),
('COPC001000','e77ad068-8254-4e13-b5be-2cda97ea9e28','4°niv','7426',2),
('COPC001001','e77ad068-8254-4e13-b5be-2cda97ea9e28','4°niv','7427',2),
('COPC001002','e77ad068-8254-4e13-b5be-2cda97ea9e28','4°niv','7428',2),
('COPC001003','e77ad068-8254-4e13-b5be-2cda97ea9e28','4°niv','7429',2),
('COPC001004','e77ad068-8254-4e13-b5be-2cda97ea9e28','4°niv','7430',2),
('COPC001005','e77ad068-8254-4e13-b5be-2cda97ea9e28','4°niv','7431',2),
('COPC001006','e77ad068-8254-4e13-b5be-2cda97ea9e28','4°niv','7432',2),
('COPC001007','e77ad068-8254-4e13-b5be-2cda97ea9e28','4°niv','7433',2),
('COPC001008','e77ad068-8254-4e13-b5be-2cda97ea9e28','4°niv','7434',2),
('COPC001009','e77ad068-8254-4e13-b5be-2cda97ea9e28','4°niv','7435',2),
('COPC001010','e77ad068-8254-4e13-b5be-2cda97ea9e28','5°niv','7501',2),
('COPC001011','e77ad068-8254-4e13-b5be-2cda97ea9e28','5°niv','7502',2),
('COPC001012','e77ad068-8254-4e13-b5be-2cda97ea9e28','5°niv','7503',2),
('COPC001013','e77ad068-8254-4e13-b5be-2cda97ea9e28','5°niv','7504',2),
('COPC001014','e77ad068-8254-4e13-b5be-2cda97ea9e28','5°niv','7505',2),
('COPC001015','e77ad068-8254-4e13-b5be-2cda97ea9e28','5°niv','7506',2),
('COPC001016','e77ad068-8254-4e13-b5be-2cda97ea9e28','5°niv','7507',2),
('COPC001017','e77ad068-8254-4e13-b5be-2cda97ea9e28','5°niv','7508',2),
('COPC001018','e77ad068-8254-4e13-b5be-2cda97ea9e28','5°niv','7509',2),
('COPC001019','e77ad068-8254-4e13-b5be-2cda97ea9e28','5°niv','7510',2),
('COPC001020','e77ad068-8254-4e13-b5be-2cda97ea9e28','5°niv','7511',2),
('COPC001021','e77ad068-8254-4e13-b5be-2cda97ea9e28','5°niv','7512',2),
('COPC001022','e77ad068-8254-4e13-b5be-2cda97ea9e28','5°niv','7513',2),
('COPC001023','e77ad068-8254-4e13-b5be-2cda97ea9e28','5°niv','7514',2),
('COPC001024','e77ad068-8254-4e13-b5be-2cda97ea9e28','5°niv','7515',2),
('COPC001025','e77ad068-8254-4e13-b5be-2cda97ea9e28','5°niv','7516',2),
('COPC001026','e77ad068-8254-4e13-b5be-2cda97ea9e28','5°niv','7517',2),
('COPC001027','e77ad068-8254-4e13-b5be-2cda97ea9e28','5°niv','7518',2),
('COPC001028','e77ad068-8254-4e13-b5be-2cda97ea9e28','5°niv','7519',2),
('COPC001029','e77ad068-8254-4e13-b5be-2cda97ea9e28','5°niv','7520',2),
('COPC001030','e77ad068-8254-4e13-b5be-2cda97ea9e28','5°niv','7521',2),
('COPC001031','e77ad068-8254-4e13-b5be-2cda97ea9e28','5°niv','7522',2),
('COPC001032','e77ad068-8254-4e13-b5be-2cda97ea9e28','5°niv','7523',2),
('COPC001033','e77ad068-8254-4e13-b5be-2cda97ea9e28','5°niv','7524',2),
('COPC001034','e77ad068-8254-4e13-b5be-2cda97ea9e28','5°niv','7525',2),
('COPC001035','e77ad068-8254-4e13-b5be-2cda97ea9e28','5°niv','7526',2),
('COPC001036','e77ad068-8254-4e13-b5be-2cda97ea9e28','5°niv','7527',2),
('COPC001037','e77ad068-8254-4e13-b5be-2cda97ea9e28','5°niv','7528',2),
('COPC001038','e77ad068-8254-4e13-b5be-2cda97ea9e28','5°niv','7529',2),
('COPC001039','e77ad068-8254-4e13-b5be-2cda97ea9e28','5°niv','7530',2),
('COPC001040','e77ad068-8254-4e13-b5be-2cda97ea9e28','5°niv','7531',2),
('COPC001041','e77ad068-8254-4e13-b5be-2cda97ea9e28','5°niv','7532',2),
('COPC001042','e77ad068-8254-4e13-b5be-2cda97ea9e28','5°niv','7533',2),
('COPC001043','e77ad068-8254-4e13-b5be-2cda97ea9e28','5°niv','7534',2),
('COPC001044','e77ad068-8254-4e13-b5be-2cda97ea9e28','5°niv','7535',2),
('COPC001045','e77ad068-8254-4e13-b5be-2cda97ea9e28','6°niv','7601',2),
('COPC001046','e77ad068-8254-4e13-b5be-2cda97ea9e28','6°niv','7602',2),
('COPC001047','e77ad068-8254-4e13-b5be-2cda97ea9e28','6°niv','7603',2),
('COPC001048','e77ad068-8254-4e13-b5be-2cda97ea9e28','6°niv','7604',2),
('COPC001049','e77ad068-8254-4e13-b5be-2cda97ea9e28','6°niv','7605',2),
('COPC001050','e77ad068-8254-4e13-b5be-2cda97ea9e28','6°niv','7606',2),
('COPC001051','e77ad068-8254-4e13-b5be-2cda97ea9e28','6°niv','7607',2),
('COPC001052','e77ad068-8254-4e13-b5be-2cda97ea9e28','6°niv','7608',2),
('COPC001053','e77ad068-8254-4e13-b5be-2cda97ea9e28','6°niv','7609',2),
('COPC001054','e77ad068-8254-4e13-b5be-2cda97ea9e28','6°niv','7610',2),
('COPC001055','e77ad068-8254-4e13-b5be-2cda97ea9e28','6°niv','7611',2),
('COPC001056','e77ad068-8254-4e13-b5be-2cda97ea9e28','6°niv','7612',2),
('COPC001057','e77ad068-8254-4e13-b5be-2cda97ea9e28','6°niv','7613',2),
('COPC001058','e77ad068-8254-4e13-b5be-2cda97ea9e28','6°niv','7614',2),
('COPC001059','e77ad068-8254-4e13-b5be-2cda97ea9e28','6°niv','7615',2),
('COPC001060','e77ad068-8254-4e13-b5be-2cda97ea9e28','6°niv','7616',2),
('COPC001061','e77ad068-8254-4e13-b5be-2cda97ea9e28','6°niv','7617',2),
('COPC001062','e77ad068-8254-4e13-b5be-2cda97ea9e28','6°niv','7618',2),
('COPC001063','e77ad068-8254-4e13-b5be-2cda97ea9e28','6°niv','7619',2),
('COPC001064','e77ad068-8254-4e13-b5be-2cda97ea9e28','6°niv','7620',2),
('COPC001065','e77ad068-8254-4e13-b5be-2cda97ea9e28','6°niv','7621',2),
('COPC001066','e77ad068-8254-4e13-b5be-2cda97ea9e28','6°niv','7622',2),
('COPC001067','e77ad068-8254-4e13-b5be-2cda97ea9e28','6°niv','7623',2),
('COPC001068','e77ad068-8254-4e13-b5be-2cda97ea9e28','6°niv','7624',2),
('COPC001069','e77ad068-8254-4e13-b5be-2cda97ea9e28','6°niv','7625',2),
('COPC001070','e77ad068-8254-4e13-b5be-2cda97ea9e28','6°niv','7626',2),
('COPC001071','e77ad068-8254-4e13-b5be-2cda97ea9e28','6°niv','7627',2),
('COPC001072','e77ad068-8254-4e13-b5be-2cda97ea9e28','6°niv','7628',2),
('COPC001073','e77ad068-8254-4e13-b5be-2cda97ea9e28','6°niv','7629',2),
('COPC001074','e77ad068-8254-4e13-b5be-2cda97ea9e28','6°niv','7630',2),
('COPC001075','e77ad068-8254-4e13-b5be-2cda97ea9e28','6°niv','7631',2),
('COPC001076','e77ad068-8254-4e13-b5be-2cda97ea9e28','6°niv','7632',2),
('COPC001077','e77ad068-8254-4e13-b5be-2cda97ea9e28','6°niv','7633',2),
('COPC001078','e77ad068-8254-4e13-b5be-2cda97ea9e28','6°niv','7634',2),
('COPC001079','e77ad068-8254-4e13-b5be-2cda97ea9e28','6°niv','7635',2),
('COPC001080','3d46da6a-ab8a-4177-8686-dab1fca41b56','1°niv','8101',2),
('COPC001081','3d46da6a-ab8a-4177-8686-dab1fca41b56','1°niv','8102',2),
('COPC001082','3d46da6a-ab8a-4177-8686-dab1fca41b56','1°niv','8103',2),
('COPC001083','3d46da6a-ab8a-4177-8686-dab1fca41b56','1°niv','8104',2),
('COPC001084','3d46da6a-ab8a-4177-8686-dab1fca41b56','1°niv','8105',2),
('COPC001085','3d46da6a-ab8a-4177-8686-dab1fca41b56','1°niv','8106',2),
('COPC001086','3d46da6a-ab8a-4177-8686-dab1fca41b56','1°niv','8107',2),
('COPC001087','3d46da6a-ab8a-4177-8686-dab1fca41b56','1°niv','8108',2),
('COPC001088','3d46da6a-ab8a-4177-8686-dab1fca41b56','1°niv','8109',2),
('COPC001089','3d46da6a-ab8a-4177-8686-dab1fca41b56','1°niv','8110',2),
('COPC001090','3d46da6a-ab8a-4177-8686-dab1fca41b56','1°niv','8111',2),
('COPC001091','3d46da6a-ab8a-4177-8686-dab1fca41b56','1°niv','8112',2),
('COPC001092','3d46da6a-ab8a-4177-8686-dab1fca41b56','1°niv','8113',2),
('COPC001093','3d46da6a-ab8a-4177-8686-dab1fca41b56','1°niv','8114',2),
('COPC001094','3d46da6a-ab8a-4177-8686-dab1fca41b56','1°niv','8115',2),
('COPC001095','3d46da6a-ab8a-4177-8686-dab1fca41b56','1°niv','8117',0),
('COPC001096','3d46da6a-ab8a-4177-8686-dab1fca41b56','1°niv','8118',0),
('COPC001097','3d46da6a-ab8a-4177-8686-dab1fca41b56','1°niv','8119',0),
('COPC001098','3d46da6a-ab8a-4177-8686-dab1fca41b56','2°niv','8201',2),
('COPC001099','3d46da6a-ab8a-4177-8686-dab1fca41b56','2°niv','8202',2),
('COPC001100','3d46da6a-ab8a-4177-8686-dab1fca41b56','2°niv','8203',2),
('COPC001101','3d46da6a-ab8a-4177-8686-dab1fca41b56','2°niv','8204',2),
('COPC001102','3d46da6a-ab8a-4177-8686-dab1fca41b56','2°niv','8205',2),
('COPC001103','3d46da6a-ab8a-4177-8686-dab1fca41b56','2°niv','8206',2),
('COPC001104','3d46da6a-ab8a-4177-8686-dab1fca41b56','2°niv','8207',2),
('COPC001105','3d46da6a-ab8a-4177-8686-dab1fca41b56','2°niv','8208',2),
('COPC001106','3d46da6a-ab8a-4177-8686-dab1fca41b56','2°niv','8209',2),
('COPC001107','3d46da6a-ab8a-4177-8686-dab1fca41b56','2°niv','8210',2),
('COPC001108','3d46da6a-ab8a-4177-8686-dab1fca41b56','2°niv','8211',2),
('COPC001109','3d46da6a-ab8a-4177-8686-dab1fca41b56','2°niv','8212',2),
('COPC001110','3d46da6a-ab8a-4177-8686-dab1fca41b56','2°niv','8213',2),
('COPC001111','3d46da6a-ab8a-4177-8686-dab1fca41b56','2°niv','8214',2),
('COPC001112','3d46da6a-ab8a-4177-8686-dab1fca41b56','2°niv','8215',2),
('COPC001113','3d46da6a-ab8a-4177-8686-dab1fca41b56','2°niv','8216',2),
('COPC001114','3d46da6a-ab8a-4177-8686-dab1fca41b56','2°niv','8217',2),
('COPC001115','3d46da6a-ab8a-4177-8686-dab1fca41b56','2°niv','8218',2),
('COPC001116','3d46da6a-ab8a-4177-8686-dab1fca41b56','2°niv','8219',2),
('COPC001117','3d46da6a-ab8a-4177-8686-dab1fca41b56','2°niv','8220',2),
('COPC001118','3d46da6a-ab8a-4177-8686-dab1fca41b56','2°niv','8221',2),
('COPC001119','3d46da6a-ab8a-4177-8686-dab1fca41b56','2°niv','8222',2),
('COPC001120','3d46da6a-ab8a-4177-8686-dab1fca41b56','2°niv','8223',2),
('COPC001121','3d46da6a-ab8a-4177-8686-dab1fca41b56','2°niv','8224',2),
('COPC001122','3d46da6a-ab8a-4177-8686-dab1fca41b56','2°niv','8225',2),
('COPC001123','3d46da6a-ab8a-4177-8686-dab1fca41b56','2°niv','8226',2),
('COPC001124','3d46da6a-ab8a-4177-8686-dab1fca41b56','2°niv','8227',2),
('COPC001125','3d46da6a-ab8a-4177-8686-dab1fca41b56','2°niv','8228',2),
('COPC001126','3d46da6a-ab8a-4177-8686-dab1fca41b56','2°niv','8229',2),
('COPC001127','3d46da6a-ab8a-4177-8686-dab1fca41b56','2°niv','8230',2),
('COPC001128','3d46da6a-ab8a-4177-8686-dab1fca41b56','2°niv','8231',2),
('COPC001129','3d46da6a-ab8a-4177-8686-dab1fca41b56','2°niv','8232',2),
('COPC001130','3d46da6a-ab8a-4177-8686-dab1fca41b56','2°niv','8233',2),
('COPC001131','3d46da6a-ab8a-4177-8686-dab1fca41b56','3°niv','8301',2),
('COPC001132','3d46da6a-ab8a-4177-8686-dab1fca41b56','3°niv','8302',2),
('COPC001133','3d46da6a-ab8a-4177-8686-dab1fca41b56','3°niv','8303',2),
('COPC001134','3d46da6a-ab8a-4177-8686-dab1fca41b56','3°niv','8304',2),
('COPC001135','3d46da6a-ab8a-4177-8686-dab1fca41b56','3°niv','8305',2),
('COPC001136','3d46da6a-ab8a-4177-8686-dab1fca41b56','3°niv','8306',2),
('COPC001137','3d46da6a-ab8a-4177-8686-dab1fca41b56','3°niv','8307',2),
('COPC001138','3d46da6a-ab8a-4177-8686-dab1fca41b56','3°niv','8308',2),
('COPC001139','3d46da6a-ab8a-4177-8686-dab1fca41b56','3°niv','8309',2),
('COPC001140','3d46da6a-ab8a-4177-8686-dab1fca41b56','3°niv','8310',2),
('COPC001141','3d46da6a-ab8a-4177-8686-dab1fca41b56','3°niv','8311',2),
('COPC001142','3d46da6a-ab8a-4177-8686-dab1fca41b56','3°niv','8312',2),
('COPC001143','3d46da6a-ab8a-4177-8686-dab1fca41b56','3°niv','8313',2),
('COPC001144','3d46da6a-ab8a-4177-8686-dab1fca41b56','3°niv','8314',2),
('COPC001145','3d46da6a-ab8a-4177-8686-dab1fca41b56','3°niv','8315',2),
('COPC001146','3d46da6a-ab8a-4177-8686-dab1fca41b56','3°niv','8316',2),
('COPC001147','3d46da6a-ab8a-4177-8686-dab1fca41b56','3°niv','8317',2),
('COPC001148','3d46da6a-ab8a-4177-8686-dab1fca41b56','3°niv','8318',2),
('COPC001149','3d46da6a-ab8a-4177-8686-dab1fca41b56','3°niv','8319',2),
('COPC001150','3d46da6a-ab8a-4177-8686-dab1fca41b56','3°niv','8320',2),
('COPC001151','3d46da6a-ab8a-4177-8686-dab1fca41b56','3°niv','8321',2),
('COPC001152','3d46da6a-ab8a-4177-8686-dab1fca41b56','3°niv','8322',2),
('COPC001153','3d46da6a-ab8a-4177-8686-dab1fca41b56','3°niv','8323',2),
('COPC001154','3d46da6a-ab8a-4177-8686-dab1fca41b56','3°niv','8324',2),
('COPC001155','3d46da6a-ab8a-4177-8686-dab1fca41b56','3°niv','8325',2),
('COPC001156','3d46da6a-ab8a-4177-8686-dab1fca41b56','3°niv','8326',2),
('COPC001157','3d46da6a-ab8a-4177-8686-dab1fca41b56','3°niv','8327',2),
('COPC001158','3d46da6a-ab8a-4177-8686-dab1fca41b56','3°niv','8328',2),
('COPC001159','3d46da6a-ab8a-4177-8686-dab1fca41b56','3°niv','8329',2),
('COPC001160','3d46da6a-ab8a-4177-8686-dab1fca41b56','3°niv','8330',2),
('COPC001161','3d46da6a-ab8a-4177-8686-dab1fca41b56','3°niv','8331',2),
('COPC001162','3d46da6a-ab8a-4177-8686-dab1fca41b56','3°niv','8332',2),
('COPC001163','3d46da6a-ab8a-4177-8686-dab1fca41b56','3°niv','8333',2),
('COPC001164','3d46da6a-ab8a-4177-8686-dab1fca41b56','3°niv','8334',2),
('COPC001165','3d46da6a-ab8a-4177-8686-dab1fca41b56','3°niv','8335',2),
('COPC001166','3d46da6a-ab8a-4177-8686-dab1fca41b56','4°niv','8401',2),
('COPC001167','3d46da6a-ab8a-4177-8686-dab1fca41b56','4°niv','8402',2),
('COPC001168','3d46da6a-ab8a-4177-8686-dab1fca41b56','4°niv','8403',2),
('COPC001169','3d46da6a-ab8a-4177-8686-dab1fca41b56','4°niv','8404',2),
('COPC001170','3d46da6a-ab8a-4177-8686-dab1fca41b56','4°niv','8405',2),
('COPC001171','3d46da6a-ab8a-4177-8686-dab1fca41b56','4°niv','8406',2),
('COPC001172','3d46da6a-ab8a-4177-8686-dab1fca41b56','4°niv','8407',2),
('COPC001173','3d46da6a-ab8a-4177-8686-dab1fca41b56','4°niv','8408',2),
('COPC001174','3d46da6a-ab8a-4177-8686-dab1fca41b56','4°niv','8409',2),
('COPC001175','3d46da6a-ab8a-4177-8686-dab1fca41b56','4°niv','8410',2),
('COPC001176','3d46da6a-ab8a-4177-8686-dab1fca41b56','4°niv','8411',2),
('COPC001177','3d46da6a-ab8a-4177-8686-dab1fca41b56','4°niv','8412',2),
('COPC001178','3d46da6a-ab8a-4177-8686-dab1fca41b56','4°niv','8413',2),
('COPC001179','3d46da6a-ab8a-4177-8686-dab1fca41b56','4°niv','8414',2),
('COPC001180','3d46da6a-ab8a-4177-8686-dab1fca41b56','4°niv','8415',2),
('COPC001181','3d46da6a-ab8a-4177-8686-dab1fca41b56','4°niv','8416',2),
('COPC001182','3d46da6a-ab8a-4177-8686-dab1fca41b56','4°niv','8417',2),
('COPC001183','3d46da6a-ab8a-4177-8686-dab1fca41b56','4°niv','8418',2),
('COPC001184','3d46da6a-ab8a-4177-8686-dab1fca41b56','4°niv','8419',2),
('COPC001185','3d46da6a-ab8a-4177-8686-dab1fca41b56','4°niv','8420',2),
('COPC001186','3d46da6a-ab8a-4177-8686-dab1fca41b56','4°niv','8421',2),
('COPC001187','3d46da6a-ab8a-4177-8686-dab1fca41b56','4°niv','8422',2),
('COPC001188','3d46da6a-ab8a-4177-8686-dab1fca41b56','4°niv','8423',2),
('COPC001189','3d46da6a-ab8a-4177-8686-dab1fca41b56','4°niv','8424',2),
('COPC001190','3d46da6a-ab8a-4177-8686-dab1fca41b56','4°niv','8425',2),
('COPC001191','3d46da6a-ab8a-4177-8686-dab1fca41b56','4°niv','8426',2),
('COPC001192','3d46da6a-ab8a-4177-8686-dab1fca41b56','4°niv','8427',2),
('COPC001193','3d46da6a-ab8a-4177-8686-dab1fca41b56','4°niv','8428',2),
('COPC001194','3d46da6a-ab8a-4177-8686-dab1fca41b56','4°niv','8429',2),
('COPC001195','3d46da6a-ab8a-4177-8686-dab1fca41b56','4°niv','8430',2),
('COPC001196','3d46da6a-ab8a-4177-8686-dab1fca41b56','4°niv','8431',2),
('COPC001197','3d46da6a-ab8a-4177-8686-dab1fca41b56','4°niv','8432',2),
('COPC001198','3d46da6a-ab8a-4177-8686-dab1fca41b56','4°niv','8433',2),
('COPC001199','3d46da6a-ab8a-4177-8686-dab1fca41b56','4°niv','8434',2),
('COPC001200','3d46da6a-ab8a-4177-8686-dab1fca41b56','4°niv','8435',2),
('COPC001201','3d46da6a-ab8a-4177-8686-dab1fca41b56','5°niv','8501',2),
('COPC001202','3d46da6a-ab8a-4177-8686-dab1fca41b56','5°niv','8502',2),
('COPC001203','3d46da6a-ab8a-4177-8686-dab1fca41b56','5°niv','8503',2),
('COPC001204','3d46da6a-ab8a-4177-8686-dab1fca41b56','5°niv','8504',2),
('COPC001205','3d46da6a-ab8a-4177-8686-dab1fca41b56','5°niv','8505',2),
('COPC001206','3d46da6a-ab8a-4177-8686-dab1fca41b56','5°niv','8506',2),
('COPC001207','3d46da6a-ab8a-4177-8686-dab1fca41b56','5°niv','8507',2),
('COPC001208','3d46da6a-ab8a-4177-8686-dab1fca41b56','5°niv','8508',2),
('COPC001209','3d46da6a-ab8a-4177-8686-dab1fca41b56','5°niv','8509',2),
('COPC001210','3d46da6a-ab8a-4177-8686-dab1fca41b56','5°niv','8510',2),
('COPC001211','3d46da6a-ab8a-4177-8686-dab1fca41b56','5°niv','8511',2),
('COPC001212','3d46da6a-ab8a-4177-8686-dab1fca41b56','5°niv','8512',2),
('COPC001213','3d46da6a-ab8a-4177-8686-dab1fca41b56','5°niv','8513',2),
('COPC001214','3d46da6a-ab8a-4177-8686-dab1fca41b56','5°niv','8514',2),
('COPC001215','3d46da6a-ab8a-4177-8686-dab1fca41b56','5°niv','8515',2),
('COPC001216','3d46da6a-ab8a-4177-8686-dab1fca41b56','5°niv','8516',2),
('COPC001217','3d46da6a-ab8a-4177-8686-dab1fca41b56','5°niv','8517',2),
('COPC001218','3d46da6a-ab8a-4177-8686-dab1fca41b56','5°niv','8518',2),
('COPC001219','3d46da6a-ab8a-4177-8686-dab1fca41b56','5°niv','8519',2),
('COPC001220','3d46da6a-ab8a-4177-8686-dab1fca41b56','5°niv','8520',2),
('COPC001221','3d46da6a-ab8a-4177-8686-dab1fca41b56','5°niv','8521',2),
('COPC001222','3d46da6a-ab8a-4177-8686-dab1fca41b56','5°niv','8522',2),
('COPC001223','3d46da6a-ab8a-4177-8686-dab1fca41b56','5°niv','8523',2),
('COPC001224','3d46da6a-ab8a-4177-8686-dab1fca41b56','5°niv','8524',2),
('COPC001225','3d46da6a-ab8a-4177-8686-dab1fca41b56','5°niv','8525',2),
('COPC001226','3d46da6a-ab8a-4177-8686-dab1fca41b56','5°niv','8526',2),
('COPC001227','3d46da6a-ab8a-4177-8686-dab1fca41b56','5°niv','8527',2),
('COPC001228','3d46da6a-ab8a-4177-8686-dab1fca41b56','5°niv','8528',2),
('COPC001229','3d46da6a-ab8a-4177-8686-dab1fca41b56','5°niv','8529',2),
('COPC001230','3d46da6a-ab8a-4177-8686-dab1fca41b56','5°niv','8530',2),
('COPC001231','3d46da6a-ab8a-4177-8686-dab1fca41b56','5°niv','8531',2),
('COPC001232','3d46da6a-ab8a-4177-8686-dab1fca41b56','5°niv','8532',2),
('COPC001233','3d46da6a-ab8a-4177-8686-dab1fca41b56','5°niv','8533',2),
('COPC001234','3d46da6a-ab8a-4177-8686-dab1fca41b56','5°niv','8534',2),
('COPC001235','3d46da6a-ab8a-4177-8686-dab1fca41b56','5°niv','8535',2),
('COPC001236','3d46da6a-ab8a-4177-8686-dab1fca41b56','6°niv','8601',2),
('COPC001237','3d46da6a-ab8a-4177-8686-dab1fca41b56','6°niv','8602',2),
('COPC001238','3d46da6a-ab8a-4177-8686-dab1fca41b56','6°niv','8603',2),
('COPC001239','3d46da6a-ab8a-4177-8686-dab1fca41b56','6°niv','8604',2),
('COPC001240','3d46da6a-ab8a-4177-8686-dab1fca41b56','6°niv','8605',2),
('COPC001241','3d46da6a-ab8a-4177-8686-dab1fca41b56','6°niv','8606',2),
('COPC001242','3d46da6a-ab8a-4177-8686-dab1fca41b56','6°niv','8607',2),
('COPC001243','3d46da6a-ab8a-4177-8686-dab1fca41b56','6°niv','8608',2),
('COPC001244','3d46da6a-ab8a-4177-8686-dab1fca41b56','6°niv','8609',2),
('COPC001245','3d46da6a-ab8a-4177-8686-dab1fca41b56','6°niv','8610',2),
('COPC001246','3d46da6a-ab8a-4177-8686-dab1fca41b56','6°niv','8611',2),
('COPC001247','3d46da6a-ab8a-4177-8686-dab1fca41b56','6°niv','8612',2),
('COPC001248','3d46da6a-ab8a-4177-8686-dab1fca41b56','6°niv','8613',2),
('COPC001249','3d46da6a-ab8a-4177-8686-dab1fca41b56','6°niv','8614',2),
('COPC001250','3d46da6a-ab8a-4177-8686-dab1fca41b56','6°niv','8615',2),
('COPC001251','3d46da6a-ab8a-4177-8686-dab1fca41b56','6°niv','8616',2),
('COPC001252','3d46da6a-ab8a-4177-8686-dab1fca41b56','6°niv','8617',2),
('COPC001253','3d46da6a-ab8a-4177-8686-dab1fca41b56','6°niv','8618',2),
('COPC001254','3d46da6a-ab8a-4177-8686-dab1fca41b56','6°niv','8619',2),
('COPC001255','3d46da6a-ab8a-4177-8686-dab1fca41b56','6°niv','8620',2),
('COPC001256','3d46da6a-ab8a-4177-8686-dab1fca41b56','6°niv','8621',2),
('COPC001257','3d46da6a-ab8a-4177-8686-dab1fca41b56','6°niv','8622',2),
('COPC001258','3d46da6a-ab8a-4177-8686-dab1fca41b56','6°niv','8623',2),
('COPC001259','3d46da6a-ab8a-4177-8686-dab1fca41b56','6°niv','8624',2),
('COPC001260','3d46da6a-ab8a-4177-8686-dab1fca41b56','6°niv','8625',2),
('COPC001261','3d46da6a-ab8a-4177-8686-dab1fca41b56','6°niv','8626',2),
('COPC001262','3d46da6a-ab8a-4177-8686-dab1fca41b56','6°niv','8627',2),
('COPC001263','3d46da6a-ab8a-4177-8686-dab1fca41b56','6°niv','8628',2),
('COPC001264','3d46da6a-ab8a-4177-8686-dab1fca41b56','6°niv','8629',2),
('COPC001265','3d46da6a-ab8a-4177-8686-dab1fca41b56','6°niv','8630',2),
('COPC001266','3d46da6a-ab8a-4177-8686-dab1fca41b56','6°niv','8631',2),
('COPC001267','3d46da6a-ab8a-4177-8686-dab1fca41b56','6°niv','8632',2),
('COPC001268','3d46da6a-ab8a-4177-8686-dab1fca41b56','6°niv','8633',2),
('COPC001269','3d46da6a-ab8a-4177-8686-dab1fca41b56','6°niv','8634',2),
('COPC001270','3d46da6a-ab8a-4177-8686-dab1fca41b56','6°niv','8635',2);

INSERT INTO v2_habitaciones (id_custom,pabellon_id,nivel,numero_hab,cantidad_camas) VALUES
('R-220000001','0bec1924-69ac-4da4-b95d-ee4ce40df5df','1°niv','103',2),
('R-220000002','0bec1924-69ac-4da4-b95d-ee4ce40df5df','1°niv','105',2),
('R-220000003','0bec1924-69ac-4da4-b95d-ee4ce40df5df','1°niv','107',2),
('R-220000004','0bec1924-69ac-4da4-b95d-ee4ce40df5df','1°niv','108',2),
('R-220000005','0bec1924-69ac-4da4-b95d-ee4ce40df5df','1°niv','109',1),
('R-220000006','0bec1924-69ac-4da4-b95d-ee4ce40df5df','1°niv','110',2),
('R-220000007','0bec1924-69ac-4da4-b95d-ee4ce40df5df','1°niv','111',2),
('R-220000008','0bec1924-69ac-4da4-b95d-ee4ce40df5df','1°niv','118',2),
('R-220000009','0bec1924-69ac-4da4-b95d-ee4ce40df5df','1°niv','119',2),
('R-220000010','0bec1924-69ac-4da4-b95d-ee4ce40df5df','1°niv','120',2),
('R-220000011','0bec1924-69ac-4da4-b95d-ee4ce40df5df','1°niv','121',2),
('R-220000012','0bec1924-69ac-4da4-b95d-ee4ce40df5df','1°niv','122',2),
('R-220000013','0bec1924-69ac-4da4-b95d-ee4ce40df5df','1°niv','123',2),
('R-220000014','0bec1924-69ac-4da4-b95d-ee4ce40df5df','1°niv','124',2),
('R-220000015','0bec1924-69ac-4da4-b95d-ee4ce40df5df','1°niv','125',2),
('R-220000016','0bec1924-69ac-4da4-b95d-ee4ce40df5df','1°niv','126',2),
('R-220000017','0bec1924-69ac-4da4-b95d-ee4ce40df5df','2°niv','201',2),
('R-220000018','0bec1924-69ac-4da4-b95d-ee4ce40df5df','2°niv','202',2),
('R-220000019','0bec1924-69ac-4da4-b95d-ee4ce40df5df','2°niv','203',2),
('R-220000020','0bec1924-69ac-4da4-b95d-ee4ce40df5df','2°niv','204',2),
('R-220000021','0bec1924-69ac-4da4-b95d-ee4ce40df5df','2°niv','205',2),
('R-220000022','0bec1924-69ac-4da4-b95d-ee4ce40df5df','2°niv','206',2),
('R-220000023','0bec1924-69ac-4da4-b95d-ee4ce40df5df','2°niv','207',2),
('R-220000024','0bec1924-69ac-4da4-b95d-ee4ce40df5df','2°niv','208',2),
('R-220000025','0bec1924-69ac-4da4-b95d-ee4ce40df5df','2°niv','209',2),
('R-220000026','0bec1924-69ac-4da4-b95d-ee4ce40df5df','2°niv','210',2),
('R-220000027','0bec1924-69ac-4da4-b95d-ee4ce40df5df','2°niv','211',2),
('R-220000028','0bec1924-69ac-4da4-b95d-ee4ce40df5df','2°niv','212',2),
('R-220000029','0bec1924-69ac-4da4-b95d-ee4ce40df5df','2°niv','213',2),
('R-220000030','0bec1924-69ac-4da4-b95d-ee4ce40df5df','2°niv','214',2),
('R-220000031','0bec1924-69ac-4da4-b95d-ee4ce40df5df','2°niv','215',2),
('R-220000032','0bec1924-69ac-4da4-b95d-ee4ce40df5df','2°niv','216',2),
('R-220000033','0bec1924-69ac-4da4-b95d-ee4ce40df5df','2°niv','217',2),
('R-220000034','0bec1924-69ac-4da4-b95d-ee4ce40df5df','2°niv','218',2),
('R-220000035','0bec1924-69ac-4da4-b95d-ee4ce40df5df','2°niv','219',2),
('R-220000036','0bec1924-69ac-4da4-b95d-ee4ce40df5df','2°niv','220',2),
('R-220000037','0bec1924-69ac-4da4-b95d-ee4ce40df5df','2°niv','221',2),
('R-220000038','0bec1924-69ac-4da4-b95d-ee4ce40df5df','2°niv','222',2),
('R-220000039','0bec1924-69ac-4da4-b95d-ee4ce40df5df','2°niv','223',2),
('R-220000040','0bec1924-69ac-4da4-b95d-ee4ce40df5df','2°niv','224',2),
('R-220000041','0bec1924-69ac-4da4-b95d-ee4ce40df5df','2°niv','225',2),
('R-220000042','0bec1924-69ac-4da4-b95d-ee4ce40df5df','2°niv','226',2),
('R-220000043','0bec1924-69ac-4da4-b95d-ee4ce40df5df','2°niv','227',2),
('R-220000044','0bec1924-69ac-4da4-b95d-ee4ce40df5df','2°niv','228',2),
('R-220000045','0bec1924-69ac-4da4-b95d-ee4ce40df5df','2°niv','229',2),
('R-220000046','0bec1924-69ac-4da4-b95d-ee4ce40df5df','2°niv','230',2),
('R-220000047','0bec1924-69ac-4da4-b95d-ee4ce40df5df','2°niv','231',2),
('R-220000048','0bec1924-69ac-4da4-b95d-ee4ce40df5df','2°niv','232',2),
('R-220000049','0bec1924-69ac-4da4-b95d-ee4ce40df5df','2°niv','233',2),
('R-220000050','0bec1924-69ac-4da4-b95d-ee4ce40df5df','2°niv','234',2),
('R-220000051','0bec1924-69ac-4da4-b95d-ee4ce40df5df','2°niv','235',2),
('R-220000052','0bec1924-69ac-4da4-b95d-ee4ce40df5df','2°niv','236',2),
('R-220000053','0bec1924-69ac-4da4-b95d-ee4ce40df5df','2°niv','237',2),
('R-220000054','0bec1924-69ac-4da4-b95d-ee4ce40df5df','2°niv','238',2),
('R-220000055','0bec1924-69ac-4da4-b95d-ee4ce40df5df','2°niv','239',2),
('R-220000056','0bec1924-69ac-4da4-b95d-ee4ce40df5df','2°niv','240',2),
('R-220000057','0bec1924-69ac-4da4-b95d-ee4ce40df5df','2°niv','241',2),
('R-220000058','0bec1924-69ac-4da4-b95d-ee4ce40df5df','2°niv','242',2),
('R-220000059','0bec1924-69ac-4da4-b95d-ee4ce40df5df','2°niv','243',2),
('R-220000060','0bec1924-69ac-4da4-b95d-ee4ce40df5df','3°niv','301',2),
('R-220000061','0bec1924-69ac-4da4-b95d-ee4ce40df5df','3°niv','302',2),
('R-220000062','0bec1924-69ac-4da4-b95d-ee4ce40df5df','3°niv','303',2),
('R-220000063','0bec1924-69ac-4da4-b95d-ee4ce40df5df','3°niv','304',2),
('R-220000064','0bec1924-69ac-4da4-b95d-ee4ce40df5df','3°niv','305',2),
('R-220000065','0bec1924-69ac-4da4-b95d-ee4ce40df5df','3°niv','306',2),
('R-220000066','0bec1924-69ac-4da4-b95d-ee4ce40df5df','3°niv','307',2),
('R-220000067','0bec1924-69ac-4da4-b95d-ee4ce40df5df','3°niv','308',2),
('R-220000068','0bec1924-69ac-4da4-b95d-ee4ce40df5df','3°niv','309',2),
('R-220000069','0bec1924-69ac-4da4-b95d-ee4ce40df5df','3°niv','310',2),
('R-220000070','0bec1924-69ac-4da4-b95d-ee4ce40df5df','3°niv','311',2),
('R-220000071','0bec1924-69ac-4da4-b95d-ee4ce40df5df','3°niv','312',2),
('R-220000072','0bec1924-69ac-4da4-b95d-ee4ce40df5df','3°niv','313',2),
('R-220000073','0bec1924-69ac-4da4-b95d-ee4ce40df5df','3°niv','314',2),
('R-220000074','0bec1924-69ac-4da4-b95d-ee4ce40df5df','3°niv','315',2),
('R-220000075','0bec1924-69ac-4da4-b95d-ee4ce40df5df','3°niv','316',2),
('R-220000076','0bec1924-69ac-4da4-b95d-ee4ce40df5df','3°niv','317',2),
('R-220000077','0bec1924-69ac-4da4-b95d-ee4ce40df5df','3°niv','318',2),
('R-220000078','0bec1924-69ac-4da4-b95d-ee4ce40df5df','3°niv','319',2),
('R-220000079','0bec1924-69ac-4da4-b95d-ee4ce40df5df','3°niv','320',2),
('R-220000080','0bec1924-69ac-4da4-b95d-ee4ce40df5df','3°niv','321',2),
('R-220000081','0bec1924-69ac-4da4-b95d-ee4ce40df5df','3°niv','322',2),
('R-220000082','0bec1924-69ac-4da4-b95d-ee4ce40df5df','3°niv','323',2),
('R-220000083','0bec1924-69ac-4da4-b95d-ee4ce40df5df','3°niv','324',2),
('R-220000084','0bec1924-69ac-4da4-b95d-ee4ce40df5df','3°niv','325',2),
('R-220000085','0bec1924-69ac-4da4-b95d-ee4ce40df5df','3°niv','326',2),
('R-220000086','0bec1924-69ac-4da4-b95d-ee4ce40df5df','3°niv','327',2),
('R-220000087','0bec1924-69ac-4da4-b95d-ee4ce40df5df','3°niv','328',2),
('R-220000088','0bec1924-69ac-4da4-b95d-ee4ce40df5df','3°niv','329',2),
('R-220000089','0bec1924-69ac-4da4-b95d-ee4ce40df5df','3°niv','330',2),
('R-220000090','0bec1924-69ac-4da4-b95d-ee4ce40df5df','3°niv','331',2),
('R-220000091','0bec1924-69ac-4da4-b95d-ee4ce40df5df','3°niv','332',2),
('R-220000092','0bec1924-69ac-4da4-b95d-ee4ce40df5df','3°niv','333',2),
('R-220000093','0bec1924-69ac-4da4-b95d-ee4ce40df5df','3°niv','334',2),
('R-220000094','0bec1924-69ac-4da4-b95d-ee4ce40df5df','3°niv','335',2),
('R-220000095','0bec1924-69ac-4da4-b95d-ee4ce40df5df','3°niv','336',2),
('R-220000096','0bec1924-69ac-4da4-b95d-ee4ce40df5df','3°niv','337',2),
('R-220000097','0bec1924-69ac-4da4-b95d-ee4ce40df5df','3°niv','338',2),
('R-220000098','0bec1924-69ac-4da4-b95d-ee4ce40df5df','3°niv','339',2),
('R-220000099','0bec1924-69ac-4da4-b95d-ee4ce40df5df','3°niv','340',2),
('R-220000100','0bec1924-69ac-4da4-b95d-ee4ce40df5df','3°niv','341',2),
('R-220000101','0bec1924-69ac-4da4-b95d-ee4ce40df5df','3°niv','342',2),
('R-220000102','0bec1924-69ac-4da4-b95d-ee4ce40df5df','3°niv','343',2),
('R-220000103','0bec1924-69ac-4da4-b95d-ee4ce40df5df','4°niv','401',2),
('R-220000104','0bec1924-69ac-4da4-b95d-ee4ce40df5df','4°niv','402',2),
('R-220000105','0bec1924-69ac-4da4-b95d-ee4ce40df5df','4°niv','403',2),
('R-220000106','0bec1924-69ac-4da4-b95d-ee4ce40df5df','4°niv','404',2),
('R-220000107','0bec1924-69ac-4da4-b95d-ee4ce40df5df','4°niv','405',2),
('R-220000108','0bec1924-69ac-4da4-b95d-ee4ce40df5df','4°niv','406',2),
('R-220000109','0bec1924-69ac-4da4-b95d-ee4ce40df5df','4°niv','407',2),
('R-220000110','0bec1924-69ac-4da4-b95d-ee4ce40df5df','4°niv','408',2),
('R-220000111','0bec1924-69ac-4da4-b95d-ee4ce40df5df','4°niv','409',2),
('R-220000112','0bec1924-69ac-4da4-b95d-ee4ce40df5df','4°niv','410',2),
('R-220000113','0bec1924-69ac-4da4-b95d-ee4ce40df5df','4°niv','411',2),
('R-220000114','0bec1924-69ac-4da4-b95d-ee4ce40df5df','4°niv','412',2),
('R-220000115','0bec1924-69ac-4da4-b95d-ee4ce40df5df','4°niv','413',2),
('R-220000116','0bec1924-69ac-4da4-b95d-ee4ce40df5df','4°niv','414',2),
('R-220000117','0bec1924-69ac-4da4-b95d-ee4ce40df5df','4°niv','415',2),
('R-220000118','0bec1924-69ac-4da4-b95d-ee4ce40df5df','4°niv','416',2),
('R-220000119','0bec1924-69ac-4da4-b95d-ee4ce40df5df','4°niv','417',2),
('R-220000120','0bec1924-69ac-4da4-b95d-ee4ce40df5df','4°niv','418',2),
('R-220000121','0bec1924-69ac-4da4-b95d-ee4ce40df5df','4°niv','419',2),
('R-220000122','0bec1924-69ac-4da4-b95d-ee4ce40df5df','4°niv','420',2),
('R-220000123','0bec1924-69ac-4da4-b95d-ee4ce40df5df','4°niv','421',2),
('R-220000124','0bec1924-69ac-4da4-b95d-ee4ce40df5df','4°niv','422',2),
('R-220000125','0bec1924-69ac-4da4-b95d-ee4ce40df5df','4°niv','423',2),
('R-220000126','0bec1924-69ac-4da4-b95d-ee4ce40df5df','4°niv','424',2),
('R-220000127','0bec1924-69ac-4da4-b95d-ee4ce40df5df','4°niv','425',2),
('R-220000128','0bec1924-69ac-4da4-b95d-ee4ce40df5df','4°niv','426',2),
('R-220000129','0bec1924-69ac-4da4-b95d-ee4ce40df5df','4°niv','427',2),
('R-220000130','0bec1924-69ac-4da4-b95d-ee4ce40df5df','4°niv','428',2),
('R-220000131','0bec1924-69ac-4da4-b95d-ee4ce40df5df','4°niv','429',2),
('R-220000132','0bec1924-69ac-4da4-b95d-ee4ce40df5df','4°niv','430',2),
('R-220000133','0bec1924-69ac-4da4-b95d-ee4ce40df5df','4°niv','431',2),
('R-220000134','0bec1924-69ac-4da4-b95d-ee4ce40df5df','4°niv','432',2),
('R-220000135','0bec1924-69ac-4da4-b95d-ee4ce40df5df','4°niv','433',2),
('R-220000136','0bec1924-69ac-4da4-b95d-ee4ce40df5df','4°niv','434',2),
('R-220000137','0bec1924-69ac-4da4-b95d-ee4ce40df5df','4°niv','435',2),
('R-220000138','0bec1924-69ac-4da4-b95d-ee4ce40df5df','4°niv','436',2),
('R-220000139','0bec1924-69ac-4da4-b95d-ee4ce40df5df','4°niv','437',2),
('R-220000140','0bec1924-69ac-4da4-b95d-ee4ce40df5df','4°niv','438',2),
('R-220000141','0bec1924-69ac-4da4-b95d-ee4ce40df5df','4°niv','439',2),
('R-220000142','0bec1924-69ac-4da4-b95d-ee4ce40df5df','4°niv','440',2),
('R-220000143','0bec1924-69ac-4da4-b95d-ee4ce40df5df','4°niv','441',2),
('R-220000144','0bec1924-69ac-4da4-b95d-ee4ce40df5df','4°niv','442',2),
('R-220000145','0bec1924-69ac-4da4-b95d-ee4ce40df5df','4°niv','443',2);

-- Verificación
SELECT COUNT(*) AS total_habitaciones FROM v2_habitaciones;
